PLAYER_ID,PLAYER_NAME,GP,MIN,MIN_TOT,PTS,PTS_TOT,REB,REB_TOT,AST,AST_TOT,STL,STL_TOT,BLK,BLK_TOT,FG_PCT,FG3_PCT,USG_PCT,IS_CASSPI
201956,Omri Casspi,69,27.3,1880.405,11.8,813,5.9,410,1.4,95,0.8,56,0.2,17,0.481,0.409,0.174,True
201166,Aaron Brooks,69,16.1,1107.71,7.1,491,1.5,101,2.6,180,0.4,30,0.1,10,0.401,0.357,0.225,False
203932,Aaron Gordon,78,23.9,1863.12,9.2,719,6.5,507,1.6,128,0.8,59,0.7,55,0.473,0.296,0.169,False
1626151,Aaron Harrison,21,4.4,93.3,0.9,18,0.7,15,0.1,2,0.3,6,0.0,0,0.263,0.3,0.132,False
203940,Adreian Payne,52,9.3,485.59,2.5,132,2.1,111,0.6,29,0.3,16,0.2,11,0.366,0.281,0.175,False
201143,Al Horford,82,32.1,2631.181666666667,15.2,1249,7.3,596,3.2,263,0.8,68,1.5,121,0.505,0.344,0.202,False
2744,Al Jefferson,47,23.3,1096.4383333333333,12.0,562,6.4,301,1.5,70,0.6,30,0.9,41,0.485,0.0,0.24,False
202329,Al-Farouq Aminu,82,28.5,2340.8883333333333,10.2,839,6.1,499,1.7,138,0.9,72,0.6,53,0.416,0.361,0.166,False
101187,Alan Anderson,13,14.8,192.18333333333334,5.0,65,2.1,27,1.1,14,0.3,4,0.1,1,0.356,0.324,0.151,False
1626210,Alan Williams,10,6.8,68.15,2.9,29,3.8,38,0.5,5,0.4,4,0.5,5,0.417,0.0,0.194,False
202692,Alec Burks,31,25.7,797.2733333333333,13.3,412,3.5,109,2.0,63,0.6,18,0.1,4,0.41,0.405,0.246,False
203458,Alex Len,78,23.3,1820.795,9.0,703,7.6,594,1.2,97,0.5,38,0.8,62,0.423,0.143,0.202,False
1627293,Alex Stepheson,8,9.0,72.15166666666667,2.8,22,3.5,28,0.3,2,0.1,1,0.6,5,0.333,0.0,0.166,False
201582,Alexis Ajinca,59,14.6,860.715,6.0,352,4.6,269,0.5,31,0.3,19,0.6,36,0.476,0.0,0.201,False
203459,Allen Crabbe,81,26.0,2104.9583333333335,10.3,832,2.7,216,1.2,99,0.8,63,0.2,16,0.459,0.393,0.159,False
202087,Alonzo Gee,73,22.4,1632.0016666666668,4.5,325,3.4,245,1.0,72,0.9,63,0.2,13,0.518,0.283,0.091,False
2405,Amar'e Stoudemire,52,14.7,762.3016666666666,5.8,300,4.3,222,0.5,27,0.3,18,0.8,41,0.566,0.0,0.176,False
101161,Amir Johnson,79,22.8,1800.1283333333333,7.3,577,6.4,505,1.7,138,0.7,52,1.1,83,0.585,0.233,0.136,False
2760,Anderson Varejao,53,9.4,495.6066666666667,2.6,138,2.7,141,0.7,35,0.3,16,0.2,10,0.427,0.0,0.143,False
203083,Andre Drummond,81,32.9,2665.4666666666667,16.2,1314,14.8,1198,0.8,67,1.5,119,1.4,112,0.521,0.333,0.239,False
2738,Andre Iguodala,65,26.6,1731.6416666666667,7.0,457,4.0,263,3.4,219,1.1,73,0.3,19,0.478,0.351,0.117,False
1889,Andre Miller,39,11.8,461.19,3.7,144,1.3,51,2.2,87,0.4,16,0.0,0,0.557,0.25,0.156,False
203460,Andre Roberson,70,22.2,1553.2916666666667,4.8,337,3.6,251,0.7,47,0.8,53,0.6,42,0.496,0.311,0.092,False
200745,Andrea Bargnani,46,13.8,633.66,6.6,304,2.1,97,0.4,18,0.1,4,0.2,9,0.455,0.188,0.227,False
101106,Andrew Bogut,70,20.7,1451.26,5.4,375,7.0,492,2.3,162,0.5,33,1.6,114,0.627,1.0,0.115,False
202726,Andrew Goudelock,8,6.2,49.708333333333336,2.8,22,0.3,2,0.5,4,0.8,6,0.3,2,0.45,0.111,0.234,False
203094,Andrew Nicholson,56,14.7,822.7716666666666,6.9,384,3.6,201,0.4,25,0.2,10,0.4,22,0.471,0.36,0.205,False
203952,Andrew Wiggins,81,35.1,2844.59,20.7,1675,3.6,291,2.0,164,1.0,78,0.6,46,0.459,0.3,0.267,False
203461,Anthony Bennett,19,4.4,84.24666666666667,1.5,28,1.2,23,0.0,0,0.3,5,0.0,0,0.296,0.214,0.166,False
1626148,Anthony Brown,29,20.6,598.6666666666666,4.0,115,2.4,70,0.7,19,0.5,14,0.2,5,0.31,0.286,0.109,False
203076,Anthony Davis,61,35.5,2164.26,24.3,1481,10.3,627,1.9,116,1.3,78,2.0,125,0.493,0.324,0.29,False
201627,Anthony Morrow,68,13.6,926.4316666666666,5.6,380,0.9,62,0.4,24,0.3,22,0.1,5,0.408,0.387,0.167,False
201229,Anthony Tolliver,72,18.6,1340.61,5.3,383,3.2,229,0.7,52,0.4,26,0.2,16,0.386,0.36,0.122,False
203462,Archie Goodwin,57,19.5,1113.7783333333334,8.9,505,2.5,142,2.1,118,0.5,27,0.2,13,0.417,0.232,0.227,False
203382,Aron Baynes,81,15.2,1232.9466666666667,6.3,514,4.7,384,0.6,51,0.3,21,0.6,52,0.505,0.0,0.184,False
201167,Arron Afflalo,71,33.4,2370.923333333333,12.8,909,3.7,266,2.0,144,0.4,25,0.1,10,0.443,0.382,0.178,False
203085,Austin Rivers,67,21.8,1463.775,8.9,593,1.9,130,1.5,99,0.7,48,0.1,9,0.438,0.335,0.188,False
202340,Avery Bradley,76,33.4,2536.1233333333334,15.2,1155,2.9,220,2.1,158,1.5,117,0.3,19,0.447,0.361,0.197,False
1626253,Axel Toupane,21,14.5,305.425,3.6,76,1.5,31,0.7,15,0.3,7,0.3,6,0.357,0.325,0.122,False
203463,Ben McLemore,68,21.2,1442.7833333333333,7.8,531,2.2,148,1.2,79,0.8,52,0.1,10,0.429,0.362,0.172,False
2757,Beno Udrih,44,16.1,707.6533333333333,4.7,205,1.6,72,2.6,116,0.3,14,0.0,1,0.434,0.341,0.167,False
202687,Bismack Biyombo,82,22.0,1807.8433333333332,5.5,454,8.0,655,0.4,29,0.2,19,1.6,133,0.542,0.0,0.114,False
201933,Blake Griffin,35,33.4,1170.2816666666668,21.4,749,8.4,294,4.9,170,0.8,28,0.5,17,0.499,0.333,0.289,False
1626246,Boban Marjanovic,54,9.4,507.805,5.5,297,3.6,194,0.4,21,0.2,12,0.4,23,0.603,0.0,0.22,False
1626171,Bobby Portis,62,17.8,1102.08,7.0,436,5.4,337,0.8,52,0.4,25,0.4,22,0.427,0.308,0.203,False
202711,Bojan Bogdanovic,79,26.8,2114.6283333333336,11.2,887,3.2,255,1.3,99,0.4,29,0.1,5,0.433,0.382,0.19,False
2564,Boris Diaw,76,18.2,1385.53,6.4,485,3.1,233,2.3,176,0.3,26,0.3,21,0.527,0.362,0.164,False
203078,Bradley Beal,55,31.1,1708.245,17.4,958,3.4,188,2.9,162,1.0,54,0.2,11,0.449,0.387,0.245,False
201148,Brandan Wright,12,17.7,212.12333333333333,6.9,83,3.6,43,0.5,6,0.4,5,1.3,15,0.673,0.0,0.152,False
1626183,Branden Dawson,6,4.8,28.865,0.8,5,0.7,4,0.0,0,0.0,0,0.2,1,0.4,0.0,0.078,False
101138,Brandon Bass,66,20.3,1342.4116666666666,7.2,473,4.3,285,1.1,74,0.5,33,0.8,55,0.549,0.0,0.136,False
201943,Brandon Jennings,48,18.1,867.505,6.9,332,2.0,96,3.5,170,0.6,29,0.1,7,0.368,0.329,0.192,False
202688,Brandon Knight,52,36.0,1870.3866666666668,19.6,1018,3.9,202,5.1,263,1.2,61,0.4,20,0.415,0.342,0.258,False
201575,Brandon Rush,72,14.6,1054.7416666666666,4.2,305,2.5,181,0.8,57,0.3,20,0.3,23,0.427,0.414,0.125,False
203148,Brian Roberts,51,9.2,470.14666666666665,4.0,205,0.8,41,1.1,54,0.2,10,0.0,2,0.448,0.357,0.188,False
1627362,Briante Weber,7,24.1,168.655,4.4,31,3.6,25,3.0,21,1.3,9,0.4,3,0.359,0.0,0.117,False
201572,Brook Lopez,73,33.7,2456.548333333333,20.6,1501,7.8,573,2.0,146,0.8,58,1.7,124,0.511,0.143,0.272,False
203998,Bruno Caboclo,6,7.1,42.68333333333333,0.5,3,0.3,2,0.2,1,0.3,2,0.2,1,0.083,0.143,0.152,False
203955,Bryce Cotton,8,4.8,38.75833333333333,1.0,8,0.0,0,0.4,3,0.4,3,0.0,0,0.4,0.0,0.17,False
1626214,Bryce Dejean-Jones,14,19.9,278.5566666666667,5.6,79,3.4,48,1.1,15,0.7,10,0.1,2,0.406,0.375,0.14,False
201228,C.J. Watson,33,19.9,655.7033333333334,4.3,142,2.0,66,2.7,88,0.6,19,0.2,5,0.343,0.292,0.117,False
203912,C.J. Wilcox,23,7.3,166.81833333333333,3.0,70,0.5,12,0.4,10,0.4,10,0.1,2,0.394,0.391,0.19,False
203468,CJ McCollum,80,34.7,2779.7616666666668,20.8,1666,3.2,259,4.3,341,1.2,97,0.3,23,0.448,0.417,0.266,False
101139,CJ Miles,64,22.9,1463.6066666666666,11.8,753,2.7,175,1.0,63,0.8,53,0.5,29,0.409,0.367,0.221,False
203946,Cameron Bairstow,18,5.7,102.6,1.9,34,1.6,28,0.3,6,0.1,2,0.2,3,0.325,0.2,0.196,False
1626166,Cameron Payne,57,12.2,697.6133333333333,5.0,283,1.5,85,1.9,108,0.6,36,0.1,6,0.41,0.324,0.199,False
201171,Carl Landry,36,15.8,569.39,9.8,351,4.1,146,0.9,32,0.3,12,0.3,9,0.556,0.462,0.236,False
2546,Carmelo Anthony,72,35.1,2529.8,21.8,1573,7.7,556,4.2,299,0.9,62,0.5,38,0.434,0.339,0.291,False
2406,Caron Butler,17,10.3,175.66833333333332,3.7,63,1.3,22,0.6,10,0.5,9,0.1,1,0.424,0.167,0.159,False
202718,Chandler Parsons,61,29.5,1799.39,13.7,837,4.7,285,2.8,169,0.8,46,0.3,21,0.492,0.414,0.204,False
101112,Channing Frye,70,17.1,1199.4066666666668,6.1,425,3.3,234,1.0,71,0.4,29,0.4,28,0.438,0.387,0.153,False
101111,Charlie Villanueva,62,10.7,665.0366666666666,5.1,319,2.5,152,0.4,24,0.3,18,0.2,15,0.382,0.273,0.236,False
201978,Chase Budinger,66,14.1,929.7166666666667,4.1,271,2.3,150,1.0,64,0.5,32,0.2,10,0.435,0.279,0.138,False
2365,Chris Andersen,27,14.9,402.5316666666667,3.9,105,3.6,98,0.4,12,0.6,15,0.5,13,0.528,0.286,0.108,False
2547,Chris Bosh,53,33.5,1777.9183333333333,19.1,1010,7.4,390,2.4,128,0.7,36,0.6,34,0.467,0.365,0.247,False
203142,Chris Copeland,24,6.5,155.93,2.1,50,0.4,10,0.5,11,0.1,2,0.0,0,0.333,0.278,0.169,False
203187,Chris Johnson,70,12.2,856.855,2.9,205,1.9,132,0.6,45,0.5,32,0.3,20,0.371,0.273,0.131,False
2549,Chris Kaman,16,7.0,111.76666666666667,2.8,44,1.5,24,0.7,11,0.1,1,0.1,1,0.465,0.25,0.202,False
1626191,Chris McCullough,24,15.1,362.385,4.7,112,2.8,68,0.4,9,1.2,28,0.5,12,0.404,0.382,0.158,False
101108,Chris Paul,74,32.7,2420.2383333333332,19.5,1446,4.2,310,10.0,738,2.1,152,0.2,13,0.462,0.371,0.265,False
1626174,Christian Wood,17,8.5,144.79833333333335,3.6,61,2.2,38,0.2,3,0.3,5,0.4,7,0.415,0.364,0.185,False
101236,Chuck Hayes,2,11.9,23.833333333333332,2.0,4,4.0,8,1.0,2,0.0,0,0.0,0,0.5,0.0,0.113,False
203921,Cleanthony Early,17,9.0,153.82333333333332,1.8,31,1.5,26,0.4,6,0.1,2,0.2,3,0.3,0.267,0.147,False
1626146,Cliff Alexander,8,4.5,35.958333333333336,1.3,10,0.8,6,0.0,0,0.1,1,0.3,2,0.5,0.0,0.134,False
203991,Clint Capela,77,19.1,1470.71,7.0,542,6.4,494,0.6,47,0.8,59,1.2,92,0.582,0.0,0.156,False
203469,Cody Zeller,73,24.3,1773.7316666666666,8.7,638,6.2,455,1.0,71,0.8,57,0.9,63,0.529,0.1,0.152,False
202332,Cole Aldrich,60,13.3,799.6366666666667,5.5,328,4.8,288,0.8,50,0.8,47,1.1,68,0.596,0.0,0.185,False
201147,Corey Brewer,82,20.4,1668.8833333333334,7.2,590,2.4,199,1.3,109,1.0,84,0.2,19,0.384,0.272,0.172,False
203928,Cory Jefferson,8,6.3,50.06333333333333,2.8,22,2.0,16,0.0,0,0.0,0,0.1,1,0.409,0.0,0.203,False
202709,Cory Joseph,80,25.6,2046.4016666666666,8.5,677,2.6,210,3.1,250,0.8,63,0.3,20,0.439,0.273,0.166,False
1626262,Coty Clarke,3,1.9,5.801666666666667,2.0,6,0.3,1,0.0,0,0.0,0,0.0,0,0.5,1.0,0.357,False
201584,Courtney Lee,79,29.6,2334.4733333333334,9.6,761,2.6,205,1.7,136,1.1,85,0.4,28,0.454,0.378,0.146,False
1626245,Cristiano Felicio,31,10.3,320.7033333333333,3.4,105,3.3,102,0.8,26,0.2,6,0.4,13,0.556,0.0,0.135,False
1626156,D'Angelo Russell,80,28.2,2259.08,13.2,1054,3.4,274,3.3,266,1.2,93,0.2,13,0.41,0.351,0.238,False
201571,D.J. Augustin,62,19.0,1177.6233333333332,7.5,467,1.5,95,3.2,198,0.6,38,0.1,4,0.423,0.405,0.18,False
2563,Dahntay Jones,1,42.4,42.35,13.0,13,5.0,5,2.0,2,1.0,1,2.0,2,0.429,0.5,0.156,False
203081,Damian Lillard,75,35.7,2675.7616666666668,25.1,1879,4.0,302,6.8,512,0.9,65,0.4,28,0.419,0.375,0.304,False
203996,Damien Inglis,20,7.8,156.35166666666666,1.8,36,1.6,31,0.5,10,0.3,6,0.2,3,0.351,0.231,0.149,False
204014,Damjan Rudez,33,8.4,277.285,2.3,75,0.6,20,0.3,11,0.1,3,0.0,1,0.403,0.34,0.123,False
201568,Danilo Gallinari,53,34.7,1838.7066666666667,19.5,1036,5.3,281,2.5,135,0.8,42,0.4,19,0.41,0.364,0.226,False
201980,Danny Green,79,26.1,2061.525,7.2,572,3.8,303,1.8,141,1.0,79,0.8,64,0.376,0.332,0.143,False
201967,Dante Cunningham,80,24.6,1970.9483333333333,6.1,484,3.0,236,1.0,77,0.5,42,0.4,33,0.451,0.316,0.11,False
201589,Darrell Arthur,70,21.7,1515.9916666666666,7.5,527,4.2,293,1.4,96,0.8,53,0.7,48,0.452,0.385,0.165,False
201954,Darren Collison,74,30.0,2218.846666666667,14.0,1035,2.3,169,4.3,318,1.0,77,0.1,4,0.486,0.401,0.19,False
1626199,Darrun Hilliard,38,10.1,383.01666666666665,4.0,152,1.2,45,0.7,27,0.2,9,0.0,1,0.397,0.38,0.19,False
101135,David Lee,55,16.4,902.93,7.8,427,5.5,305,1.5,84,0.4,22,0.5,28,0.531,0.0,0.21,False
2561,David West,78,18.0,1404.2283333333332,7.1,554,4.0,309,1.8,143,0.6,44,0.7,55,0.545,0.429,0.175,False
201599,DeAndre Jordan,77,33.7,2597.681666666667,12.7,980,13.8,1059,1.2,90,0.7,51,2.3,177,0.703,0.0,0.155,False
201971,DeJuan Blair,29,7.5,218.07,2.1,61,2.0,57,0.4,11,0.3,8,0.1,2,0.412,0.0,0.166,False
201942,DeMar DeRozan,78,35.9,2803.795,23.5,1830,4.5,349,4.0,315,1.0,81,0.3,21,0.446,0.338,0.291,False
202326,DeMarcus Cousins,65,34.6,2245.835,26.9,1748,11.5,747,3.3,214,1.6,101,1.4,92,0.451,0.333,0.351,False
201960,DeMarre Carroll,26,30.2,786.4416666666667,11.0,286,4.7,122,1.0,27,1.7,44,0.2,6,0.389,0.39,0.176,False
1626153,Delon Wright,27,8.5,229.275,3.8,103,1.4,37,1.1,31,0.3,8,0.1,3,0.45,0.385,0.218,False
203471,Dennis Schröder,80,20.3,1620.9583333333333,11.0,879,2.6,204,4.4,349,0.9,70,0.1,9,0.421,0.322,0.286,False
101114,Deron Williams,65,32.4,2106.0216666666665,14.1,918,2.9,190,5.8,378,0.9,61,0.2,14,0.414,0.344,0.218,False
202324,Derrick Favors,62,32.0,1983.2016666666666,16.4,1016,8.1,503,1.5,94,1.2,74,1.5,91,0.515,0.0,0.234,False
201565,Derrick Rose,66,31.8,2097.423333333333,16.4,1080,3.4,225,4.7,311,0.7,44,0.2,14,0.427,0.293,0.266,False
202682,Derrick Williams,80,17.9,1434.865,9.3,746,3.7,296,0.9,75,0.4,29,0.1,9,0.45,0.293,0.23,False
1626164,Devin Booker,76,27.7,2107.665,13.8,1048,2.5,187,2.6,200,0.6,44,0.3,20,0.423,0.343,0.228,False
2734,Devin Harris,64,20.0,1280.45,7.6,487,2.2,138,1.8,118,0.9,60,0.2,13,0.447,0.329,0.168,False
203906,Devyn Marble,28,8.9,248.74666666666667,2.1,60,1.4,38,0.4,12,0.5,13,0.0,1,0.296,0.25,0.153,False
203473,Dewayne Dedmon,58,12.2,704.875,4.4,255,3.9,228,0.2,13,0.4,22,0.8,46,0.559,0.0,0.151,False
203079,Dion Waiters,78,27.6,2151.6233333333334,9.8,762,2.6,202,2.0,154,1.0,81,0.2,15,0.399,0.358,0.173,False
1717,Dirk Nowitzki,75,31.5,2363.5066666666667,18.3,1372,6.5,489,1.8,132,0.7,52,0.7,52,0.448,0.368,0.249,False
202388,Donald Sloan,61,21.6,1317.8033333333333,7.0,424,2.8,173,4.4,268,0.5,32,0.1,4,0.44,0.384,0.163,False
202700,Donatas Motiejunas,37,14.8,546.6933333333334,6.2,230,2.9,109,1.1,41,0.5,17,0.1,5,0.439,0.281,0.214,False
203926,Doug McDermott,81,23.0,1860.56,9.4,764,2.4,195,0.7,59,0.2,14,0.1,6,0.452,0.425,0.166,False
203110,Draymond Green,81,34.7,2807.9983333333334,14.0,1131,9.5,769,7.4,598,1.5,119,1.4,113,0.49,0.388,0.184,False
2400,Drew Gooden,30,10.2,305.17833333333334,2.7,82,2.8,85,0.4,13,0.3,8,0.4,11,0.32,0.171,0.169,False
1626251,Duje Dukan,1,24.2,24.233333333333334,6.0,6,4.0,4,1.0,1,1.0,1,0.0,0,0.2,0.4,0.154,False
2730,Dwight Howard,71,32.1,2279.6633333333334,13.7,976,11.8,835,1.4,98,1.0,69,1.6,113,0.62,0.0,0.184,False
203939,Dwight Powell,69,14.4,991.6283333333333,5.8,399,4.0,273,0.6,44,0.5,36,0.3,24,0.493,0.125,0.175,False
2548,Dwyane Wade,74,30.5,2257.995,19.0,1409,4.1,302,4.6,344,1.1,79,0.6,42,0.456,0.159,0.31,False
202734,E'Twaun Moore,59,21.4,1263.1,7.5,443,2.3,133,1.7,99,0.6,37,0.3,18,0.481,0.452,0.157,False
202334,Ed Davis,81,20.8,1684.1866666666667,6.5,526,7.4,599,1.1,88,0.7,57,0.9,72,0.611,0.0,0.125,False
204002,Edy Tavares,11,6.6,72.65,2.3,25,1.9,21,0.3,3,0.1,1,0.5,6,0.579,0.0,0.167,False
203901,Elfrid Payton,73,29.4,2144.92,10.7,778,3.6,261,6.4,467,1.2,89,0.3,20,0.436,0.326,0.198,False
202407,Elijah Millsap,20,8.6,172.775,1.8,36,1.8,35,1.0,19,0.4,7,0.2,3,0.282,0.083,0.141,False
202343,Elliot Williams,5,9.0,45.138333333333335,1.6,8,0.8,4,0.8,4,0.0,0,0.0,0,0.2,0.25,0.138,False
1882,Elton Brand,17,13.2,224.695,4.1,70,3.7,63,1.1,18,0.5,9,0.5,8,0.431,0.0,0.168,False
1626144,Emmanuel Mudiay,68,30.4,2067.8866666666668,12.8,872,3.4,232,5.5,372,1.0,65,0.5,35,0.364,0.319,0.25,False
202683,Enes Freedom,82,21.0,1720.6783333333333,12.7,1038,8.1,664,0.4,33,0.3,26,0.4,33,0.576,0.476,0.229,False
202339,Eric Bledsoe,31,34.2,1058.7716666666668,20.4,632,4.0,125,6.1,190,2.0,63,0.6,19,0.453,0.372,0.27,False
201569,Eric Gordon,45,32.9,1481.3516666666667,15.2,686,2.2,99,2.7,121,1.0,43,0.3,14,0.418,0.384,0.203,False
203961,Eric Moreland,8,5.9,47.583333333333336,1.0,8,1.4,11,0.1,1,0.0,0,0.5,4,0.5,0.0,0.096,False
203475,Erick Green,9,4.7,42.13333333333333,1.4,13,0.7,6,0.3,3,0.1,1,0.0,0,0.385,0.2,0.138,False
101141,Ersan Ilyasova,74,25.4,1880.3866666666668,10.4,767,5.4,403,0.9,67,0.7,52,0.4,33,0.424,0.371,0.18,False
203095,Evan Fournier,79,32.5,2566.088333333333,15.4,1213,2.8,225,2.7,214,1.2,96,0.0,2,0.462,0.4,0.2,False
202323,Evan Turner,81,28.0,2270.6983333333333,10.5,854,4.9,397,4.4,359,1.0,80,0.3,28,0.456,0.241,0.184,False
203105,Festus Ezeli,46,16.7,770.1883333333334,7.0,320,5.6,257,0.7,32,0.4,18,1.1,50,0.548,0.0,0.177,False
1626163,Frank Kaminsky,81,21.1,1707.5733333333333,7.5,606,4.1,335,1.2,98,0.5,38,0.5,43,0.41,0.337,0.166,False
202066,Garrett Temple,80,24.4,1951.195,7.3,582,2.7,212,1.8,140,0.9,69,0.2,18,0.398,0.345,0.14,False
203914,Gary Harris,76,32.1,2438.6366666666668,12.3,932,2.9,220,1.9,147,1.3,97,0.2,18,0.469,0.354,0.16,False
202390,Gary Neal,40,20.2,807.4283333333333,9.8,390,2.1,83,1.2,47,0.5,20,0.0,1,0.465,0.41,0.204,False
201588,George Hill,74,34.1,2524.4133333333334,12.1,894,4.0,298,3.5,259,1.1,83,0.2,17,0.441,0.408,0.157,False
101123,Gerald Green,69,22.6,1557.2183333333332,8.9,616,2.4,163,0.8,56,0.6,38,0.3,19,0.392,0.323,0.192,False
201945,Gerald Henderson,72,19.9,1431.0666666666666,8.7,624,2.9,211,1.0,75,0.5,39,0.3,19,0.439,0.353,0.201,False
203507,Giannis Antetokounmpo,80,35.3,2823.4133333333334,16.9,1350,7.7,612,4.3,345,1.2,94,1.4,113,0.506,0.257,0.221,False
203922,Glenn Robinson III,45,11.3,508.1983333333333,3.8,171,1.5,68,0.6,26,0.4,17,0.2,9,0.43,0.378,0.157,False
201609,Goran Dragic,72,32.8,2362.62,14.1,1018,3.8,277,5.8,419,1.0,71,0.2,17,0.477,0.312,0.211,False
202330,Gordon Hayward,80,36.2,2892.9566666666665,19.7,1578,5.0,397,3.7,296,1.2,95,0.3,27,0.433,0.349,0.25,False
203476,Gorgui Dieng,82,27.1,2220.068333333333,10.1,827,7.1,585,1.7,143,1.1,94,1.2,96,0.532,0.3,0.165,False
202328,Greg Monroe,79,29.3,2314.185,15.3,1210,8.8,696,2.3,178,0.9,72,0.8,67,0.522,0.0,0.231,False
202962,Greg Smith,18,10.7,191.94,2.4,43,2.3,42,0.3,6,0.2,4,0.1,1,0.563,0.0,0.104,False
202349,Greivis Vasquez,23,20.0,459.9116666666667,5.7,130,2.0,47,4.0,91,0.4,10,0.0,0,0.326,0.247,0.184,False
203084,Harrison Barnes,66,30.9,2041.5766666666666,11.7,774,4.9,325,1.8,117,0.6,41,0.2,10,0.466,0.383,0.156,False
202355,Hassan Whiteside,73,29.1,2125.3566666666666,14.2,1040,11.8,865,0.4,29,0.6,44,3.7,269,0.606,0.0,0.201,False
203156,Henry Sims,14,18.8,262.87166666666667,6.5,91,5.1,72,0.6,9,0.6,9,1.0,14,0.429,0.0,0.168,False
203138,Hollis Thompson,77,28.0,2153.85,9.8,758,3.5,272,1.3,99,0.5,36,0.3,24,0.397,0.38,0.157,False
203546,Ian Clark,66,8.8,578.18,3.6,236,1.0,68,1.0,64,0.3,17,0.2,13,0.441,0.357,0.193,False
101133,Ian Mahinmi,71,25.6,1815.7633333333333,9.3,660,7.1,507,1.5,104,0.9,65,1.1,75,0.589,0.0,0.157,False
202697,Iman Shumpert,54,24.4,1316.33,5.8,311,3.8,203,1.7,92,1.0,54,0.4,19,0.374,0.295,0.13,False
203477,Isaiah Canaan,77,25.5,1965.8483333333334,11.0,846,2.3,174,1.8,137,0.7,56,0.2,12,0.36,0.363,0.191,False
202738,Isaiah Thomas,82,32.2,2644.403333333333,22.2,1823,3.0,243,6.2,509,1.1,91,0.1,9,0.428,0.359,0.289,False
202397,Ish Smith,77,29.1,2238.81,12.6,972,4.0,305,6.5,502,1.1,88,0.3,24,0.411,0.329,0.235,False
200826,J.J. Barea,74,22.5,1666.9083333333333,10.9,808,2.1,152,4.1,302,0.4,26,0.0,2,0.446,0.385,0.229,False
201581,JJ Hickson,35,12.5,436.5466666666667,5.9,206,3.8,132,0.7,23,0.4,15,0.4,14,0.516,0.0,0.22,False
1626266,JJ O'Brien,2,3.1,6.266666666666667,0.0,0,0.5,1,0.0,0,0.5,1,0.0,0,0.0,0.0,0.071,False
200755,JJ Redick,75,28.0,2096.8316666666665,16.3,1226,1.9,139,1.4,106,0.6,42,0.1,5,0.48,0.475,0.22,False
2747,JR Smith,77,30.7,2361.9883333333332,12.4,955,2.8,217,1.7,130,1.1,81,0.3,21,0.415,0.4,0.177,False
203960,JaKarr Sampson,73,15.9,1159.7316666666666,5.1,374,2.6,190,0.6,46,0.3,23,0.5,33,0.442,0.222,0.165,False
203210,JaMychal Green,78,18.5,1446.12,7.4,578,4.8,373,0.9,67,0.6,46,0.4,33,0.465,0.333,0.188,False
201580,JaVale McGee,34,10.9,369.78333333333336,5.1,172,3.9,133,0.1,3,0.1,5,0.8,26,0.575,0.0,0.206,False
203953,Jabari Parker,76,31.7,2407.971666666667,14.1,1070,5.2,395,1.7,130,0.9,69,0.4,29,0.493,0.257,0.206,False
203109,Jae Crowder,73,31.6,2308.19,14.2,1038,5.1,373,1.8,135,1.7,126,0.5,35,0.443,0.336,0.181,False
1626143,Jahlil Okafor,53,30.0,1590.565,17.5,928,7.0,373,1.2,65,0.4,22,1.2,61,0.508,0.167,0.272,False
2037,Jamal Crawford,79,26.9,2126.15,14.2,1120,1.8,145,2.3,183,0.7,52,0.2,12,0.404,0.34,0.239,False
2749,Jameer Nelson,39,26.6,1035.655,7.7,299,2.9,115,4.9,190,0.6,25,0.1,5,0.368,0.299,0.163,False
202341,James Anderson,51,14.1,720.9833333333333,3.5,179,1.7,86,0.8,41,0.4,21,0.3,14,0.376,0.267,0.134,False
203516,James Ennis III,22,14.9,328.515,7.2,159,1.9,42,1.0,21,0.7,16,0.2,5,0.478,0.448,0.196,False
201935,James Harden,82,38.1,3124.635,29.0,2376,6.1,501,7.5,612,1.7,139,0.6,51,0.439,0.359,0.319,False
201949,James Johnson,57,16.2,925.7316666666667,5.0,287,2.2,126,1.2,67,0.5,29,0.6,33,0.475,0.303,0.157,False
2592,James Jones,48,9.7,463.42,3.7,178,1.0,50,0.3,14,0.2,11,0.2,10,0.408,0.394,0.156,False
203949,James Michael McAdoo,41,6.4,261.525,2.9,117,1.4,58,0.4,17,0.2,10,0.2,8,0.536,0.5,0.194,False
203923,James Young,29,6.9,198.90166666666667,1.0,29,0.9,26,0.3,9,0.2,6,0.0,1,0.306,0.231,0.092,False
203099,Jared Cunningham,44,9.3,410.385,2.7,120,0.9,38,0.5,20,0.3,14,0.0,2,0.343,0.308,0.166,False
201162,Jared Dudley,81,25.9,2097.6716666666666,7.9,638,3.5,286,2.1,171,0.9,75,0.2,18,0.478,0.42,0.127,False
203096,Jared Sullinger,81,23.6,1914.62,10.3,834,8.3,673,2.3,187,0.9,75,0.6,47,0.435,0.282,0.216,False
204067,Jarell Eddie,26,5.6,146.76666666666668,2.4,63,0.9,23,0.2,5,0.2,5,0.0,1,0.308,0.319,0.191,False
1626185,Jarell Martin,27,14.1,379.54,5.7,153,3.2,86,0.6,15,0.3,8,0.3,7,0.466,0.0,0.179,False
203950,Jarnell Stokes,7,2.7,18.583333333333332,1.0,7,0.6,4,0.1,1,0.1,1,0.0,0,0.6,0.0,0.133,False
101127,Jarrett Jack,32,32.1,1026.6533333333334,12.8,411,4.3,136,7.4,236,1.1,34,0.2,7,0.391,0.304,0.209,False
201160,Jason Smith,76,15.5,1180.8616666666667,7.2,546,2.9,219,0.8,62,0.4,33,0.9,65,0.485,0.25,0.218,False
1891,Jason Terry,72,17.5,1257.7016666666666,5.9,422,1.1,79,1.4,103,0.7,47,0.1,9,0.402,0.356,0.146,False
201574,Jason Thompson,47,10.0,471.3983333333333,3.1,147,2.9,134,0.6,29,0.3,12,0.4,20,0.481,0.333,0.137,False
201965,Jeff Ayres,17,6.3,106.61833333333334,1.8,30,1.3,22,0.3,5,0.0,0,0.2,3,0.522,0.0,0.134,False
201145,Jeff Green,80,28.2,2253.245,11.7,939,4.2,332,1.7,138,0.7,58,0.5,40,0.43,0.315,0.204,False
201952,Jeff Teague,79,28.5,2254.701666666667,15.7,1239,2.7,214,5.9,470,1.2,97,0.3,24,0.439,0.401,0.259,False
203481,Jeff Withey,51,12.9,657.885,4.3,217,3.4,173,0.4,20,0.4,21,1.0,53,0.537,0.0,0.149,False
203924,Jerami Grant,77,26.8,2066.3333333333335,9.7,749,4.7,361,1.8,135,0.7,54,1.6,127,0.419,0.24,0.179,False
202379,Jeremy Evans,30,8.4,251.40833333333333,2.4,71,1.8,54,0.1,2,0.2,6,0.3,9,0.542,0.25,0.109,False
203087,Jeremy Lamb,66,18.6,1227.255,8.8,580,3.8,252,1.2,77,0.6,42,0.5,30,0.451,0.309,0.214,False
202391,Jeremy Lin,78,26.3,2047.555,11.7,914,3.2,253,3.0,235,0.7,58,0.5,42,0.412,0.336,0.217,False
1626170,Jerian Grant,76,16.6,1264.7733333333333,5.6,426,1.9,143,2.3,177,0.7,50,0.1,10,0.394,0.22,0.185,False
201573,Jerryd Bayless,52,28.9,1504.8183333333334,10.4,541,2.7,141,3.1,163,0.9,47,0.2,11,0.423,0.437,0.164,False
202690,Jimmer Fredette,6,2.9,17.558333333333334,1.5,9,0.0,0,0.2,1,0.2,1,0.0,0,0.4,0.5,0.225,False
202710,Jimmy Butler III,67,36.9,2473.625,20.9,1399,5.3,358,4.8,321,1.6,110,0.6,43,0.454,0.312,0.242,False
201149,Joakim Noah,29,21.9,635.4233333333333,4.3,124,8.8,255,3.8,110,0.6,18,1.0,29,0.383,0.0,0.137,False
201975,Jodie Meeks,3,14.5,43.486666666666665,7.3,22,1.7,5,1.0,3,0.0,0,0.0,0,0.35,0.444,0.232,False
203925,Joe Harris,5,3.0,15.103333333333333,0.6,3,0.6,3,0.4,2,0.0,0,0.0,0,0.25,0.25,0.128,False
204060,Joe Ingles,81,15.3,1241.0966666666666,4.2,342,1.9,151,1.2,96,0.7,55,0.0,4,0.426,0.386,0.128,False
2207,Joe Johnson,81,33.4,2703.3,12.2,992,3.6,292,3.9,318,0.8,61,0.0,4,0.439,0.383,0.178,False
1626202,Joe Young,41,9.4,383.5133333333333,3.8,154,1.2,50,1.6,65,0.4,15,0.0,0,0.367,0.217,0.233,False
201202,Joel Anthony,19,5.0,95.70333333333333,0.9,18,1.1,21,0.1,1,0.1,2,0.6,12,0.6,0.0,0.071,False
203530,Joffrey Lauvergne,59,17.6,1041.2433333333333,7.9,465,4.9,290,0.9,56,0.2,13,0.3,15,0.513,0.245,0.196,False
203089,John Henson,57,16.8,959.4733333333334,7.0,397,3.9,221,0.9,54,0.3,18,1.9,109,0.564,0.0,0.188,False
203098,John Jenkins,43,11.2,480.30333333333334,4.1,178,1.3,57,0.8,35,0.2,8,0.0,1,0.444,0.314,0.167,False
202322,John Wall,77,36.2,2784.015,19.9,1531,4.9,379,10.2,789,1.9,145,0.8,59,0.424,0.351,0.28,False
203948,Johnny O'Bryant III,66,13.0,857.085,3.0,200,2.7,176,0.5,32,0.3,18,0.1,8,0.411,1.0,0.135,False
202720,Jon Leuer,67,18.7,1255.3183333333334,8.5,567,5.6,373,1.1,72,0.6,38,0.4,30,0.481,0.382,0.195,False
201973,Jonas Jerebko,78,15.1,1176.4966666666667,4.4,340,3.7,288,0.8,62,0.3,20,0.3,24,0.413,0.398,0.133,False
202685,Jonas Valančiūnas,60,25.9,1556.9216666666666,12.8,768,9.1,547,0.7,42,0.4,25,1.3,80,0.565,0.0,0.204,False
203613,Jonathon Simmons,55,14.8,812.83,6.0,331,1.7,96,1.1,58,0.4,24,0.1,5,0.504,0.383,0.183,False
203919,Jordan Adams,2,7.3,14.666666666666666,3.5,7,1.0,2,1.5,3,1.5,3,0.0,0,0.333,0.0,0.286,False
203903,Jordan Clarkson,79,32.3,2552.435,15.5,1225,4.0,313,2.4,192,1.1,88,0.1,7,0.433,0.347,0.225,False
200770,Jordan Farmar,12,24.3,291.29333333333335,9.2,110,2.1,25,3.1,37,1.3,15,0.2,2,0.42,0.356,0.178,False
202706,Jordan Hamilton,11,27.6,303.675,11.4,125,5.6,62,2.3,25,0.7,8,0.3,3,0.422,0.289,0.203,False
201941,Jordan Hill,73,20.7,1512.6666666666667,8.8,645,6.2,451,1.2,87,0.5,36,0.5,37,0.506,0.0,0.201,False
203895,Jordan McRae,22,8.9,195.95166666666665,4.5,99,0.9,20,1.1,25,0.1,3,0.0,1,0.436,0.455,0.244,False
1626175,Jordan Mickey,16,3.6,57.178333333333335,1.3,21,0.8,13,0.1,1,0.0,0,0.7,11,0.364,0.0,0.193,False
203268,Jorge Gutierrez,12,5.3,63.3,1.8,22,0.6,7,1.4,17,0.3,3,0.0,0,0.545,0.0,0.148,False
101181,Jose Calderon,72,28.1,2023.8383333333334,7.6,544,3.2,229,4.1,298,0.9,63,0.1,7,0.459,0.414,0.124,False
203962,Josh Huestis,5,11.0,54.983333333333334,2.8,14,2.0,10,0.0,0,0.2,1,0.4,2,0.417,0.667,0.135,False
201177,Josh McRoberts,42,14.2,594.6933333333334,3.6,150,2.5,105,1.9,81,0.4,18,0.2,7,0.372,0.245,0.148,False
1626196,Josh Richardson,52,21.3,1106.95,6.6,341,2.1,107,1.4,73,0.7,36,0.5,25,0.452,0.461,0.134,False
2746,Josh Smith,55,16.0,879.9733333333334,6.0,332,3.5,192,1.6,90,0.6,34,0.9,47,0.364,0.287,0.221,False
201950,Jrue Holiday,65,28.2,1830.8816666666667,16.8,1089,3.0,195,6.0,391,1.4,88,0.3,22,0.439,0.336,0.283,False
203944,Julius Randle,81,28.2,2286.1966666666667,11.3,919,10.2,829,1.8,144,0.7,53,0.4,29,0.429,0.278,0.209,False
1626147,Justin Anderson,55,11.8,646.8766666666667,3.8,208,2.4,132,0.5,29,0.3,19,0.5,25,0.406,0.265,0.152,False
202712,Justin Harper,5,7.0,35.083333333333336,2.6,13,0.2,1,0.0,0,0.2,1,0.0,0,0.4,0.444,0.167,False
203200,Justin Holiday,53,14.6,772.5866666666667,4.5,239,1.7,90,1.1,56,0.6,32,0.4,19,0.386,0.343,0.16,False
1626159,Justise Winslow,78,28.6,2232.135,6.4,502,5.2,403,1.5,118,0.9,68,0.3,26,0.422,0.276,0.122,False
203994,Jusuf Nurkić,32,17.1,547.075,8.2,263,5.5,175,1.3,40,0.8,24,1.4,44,0.417,0.0,0.266,False
203909,KJ McDaniels,37,6.4,235.32333333333332,2.4,89,1.1,42,0.3,10,0.2,7,0.2,6,0.403,0.28,0.179,False
1626157,Karl-Anthony Towns,82,32.0,2626.485,18.3,1503,10.5,858,2.0,161,0.7,58,1.7,138,0.542,0.341,0.243,False
202695,Kawhi Leonard,72,33.0,2379.5633333333335,21.2,1523,6.8,493,2.6,186,1.8,128,1.0,71,0.506,0.443,0.252,False
203951,Keith Appling,5,5.4,26.85,1.2,6,0.2,1,0.2,1,0.2,1,0.0,0,0.25,0.0,0.2,False
203482,Kelly Olynyk,69,20.2,1394.8466666666666,10.0,687,4.1,281,1.5,105,0.8,52,0.5,33,0.455,0.405,0.204,False
1626162,Kelly Oubre Jr.,63,10.7,671.3816666666667,3.7,236,2.1,133,0.2,13,0.3,22,0.1,7,0.427,0.316,0.166,False
202689,Kemba Walker,81,35.6,2885.15,20.9,1689,4.4,357,5.2,421,1.6,126,0.5,39,0.427,0.371,0.261,False
203088,Kendall Marshall,30,13.3,399.64666666666665,3.7,111,0.9,28,2.4,73,0.5,16,0.1,2,0.364,0.327,0.179,False
2570,Kendrick Perkins,37,14.6,542.0416666666666,2.5,91,3.5,128,0.8,31,0.3,11,0.3,11,0.533,0.0,0.103,False
202702,Kenneth Faried,67,25.3,1694.4516666666666,12.5,835,8.7,581,1.2,79,0.5,32,0.9,60,0.558,0.5,0.203,False
203145,Kent Bazemore,75,27.8,2082.7966666666666,11.6,872,5.1,379,2.3,171,1.3,98,0.5,38,0.441,0.357,0.195,False
203484,Kentavious Caldwell-Pope,76,36.7,2788.7316666666666,14.5,1105,3.7,282,1.8,138,1.4,110,0.2,17,0.42,0.309,0.177,False
201142,Kevin Durant,72,35.8,2577.62,28.2,2029,8.2,589,5.0,361,1.0,69,1.2,85,0.505,0.387,0.298,False
708,Kevin Garnett,38,14.6,555.675,3.2,122,3.9,150,1.6,62,0.7,28,0.3,10,0.47,0.0,0.114,False
201567,Kevin Love,77,31.5,2424.395,16.0,1234,9.9,762,2.4,185,0.8,58,0.5,41,0.419,0.36,0.233,False
2755,Kevin Martin,55,19.9,1094.98,9.3,514,2.0,110,1.1,58,0.5,26,0.1,3,0.372,0.36,0.217,False
202338,Kevin Seraphin,48,11.0,526.4883333333333,3.9,187,2.6,126,1.0,47,0.2,8,0.8,36,0.41,0.0,0.219,False
1626172,Kevon Looney,5,4.1,20.598333333333333,1.8,9,2.0,10,0.0,0,0.0,0,0.0,0,0.571,0.5,0.14,False
203114,Khris Middleton,79,36.1,2852.0,18.2,1434,3.8,302,4.2,331,1.7,131,0.2,19,0.444,0.396,0.224,False
2550,Kirk Hinrich,46,13.7,630.9983333333333,3.0,137,1.5,70,1.6,73,0.3,15,0.0,2,0.38,0.387,0.113,False
202691,Klay Thompson,80,33.3,2666.415,22.1,1771,3.8,306,2.1,166,0.8,60,0.6,49,0.47,0.425,0.26,False
977,Kobe Bryant,66,28.2,1863.3233333333333,17.6,1161,3.7,247,2.8,184,0.9,62,0.2,13,0.358,0.285,0.314,False
201585,Kosta Koufos,78,19.0,1482.4,6.8,529,5.4,423,0.4,33,0.5,40,0.9,70,0.532,0.0,0.152,False
203123,Kostas Papanikolaou,26,11.3,294.015,2.6,67,1.5,40,0.6,16,0.5,13,0.2,5,0.364,0.313,0.141,False
2743,Kris Humphries,53,15.7,834.7133333333334,6.5,343,4.1,218,0.7,36,0.3,16,0.4,23,0.41,0.315,0.189,False
204001,Kristaps Porziņģis,72,28.4,2046.4616666666666,14.3,1028,7.3,526,1.3,94,0.7,53,1.9,134,0.421,0.333,0.243,False
203937,Kyle Anderson,78,16.0,1245.0616666666667,4.5,350,3.1,244,1.6,123,0.8,60,0.4,29,0.468,0.324,0.143,False
2594,Kyle Korver,80,30.0,2400.665,9.2,739,3.3,260,2.1,164,0.8,60,0.4,35,0.434,0.398,0.132,False
200768,Kyle Lowry,77,37.0,2851.155,21.2,1634,4.7,365,6.4,494,2.1,158,0.4,34,0.427,0.388,0.256,False
203124,Kyle O'Quinn,65,11.8,764.2883333333333,4.8,309,3.8,250,1.1,72,0.3,20,0.8,49,0.476,0.227,0.206,False
202713,Kyle Singler,68,14.4,977.1183333333333,3.4,231,2.1,141,0.4,24,0.4,30,0.1,9,0.389,0.309,0.113,False
202681,Kyrie Irving,53,31.5,1667.3733333333332,19.6,1041,3.0,157,4.7,250,1.1,56,0.3,18,0.448,0.321,0.285,False
200746,LaMarcus Aldridge,74,30.6,2260.86,18.0,1331,8.5,632,1.5,110,0.5,38,1.1,81,0.513,0.0,0.258,False
203934,Lamar Patterson,35,11.3,394.9,2.4,84,1.4,50,1.1,39,0.3,9,0.1,2,0.35,0.245,0.123,False
202362,Lance Stephenson,69,19.9,1372.3066666666666,8.3,573,3.2,223,1.9,133,0.6,43,0.1,9,0.481,0.385,0.194,False
202498,Lance Thomas,59,22.3,1313.39,8.2,484,2.2,131,0.9,53,0.4,22,0.1,7,0.442,0.404,0.166,False
204038,Langston Galloway,82,24.8,2033.2983333333334,7.6,625,3.5,288,2.5,207,0.9,77,0.3,22,0.393,0.344,0.151,False
1626204,Larry Nance Jr.,63,20.1,1265.715,5.5,349,5.0,312,0.7,44,0.9,54,0.4,23,0.527,0.1,0.124,False
202730,Lavoy Allen,79,20.2,1598.8066666666666,5.4,428,5.4,424,1.0,76,0.3,26,0.5,42,0.516,0.0,0.128,False
2544,LeBron James,76,35.6,2708.5783333333334,25.3,1920,7.4,565,6.8,514,1.4,104,0.6,49,0.52,0.309,0.305,False
2571,Leandro Barbosa,68,15.9,1079.205,6.4,433,1.7,117,1.2,82,0.6,44,0.1,10,0.462,0.355,0.174,False
203485,Lorenzo Brown,8,7.6,60.733333333333334,2.5,20,0.9,7,1.4,11,0.4,3,0.1,1,0.32,0.125,0.248,False
200811,Lou Amundson,29,7.0,204.435,1.8,52,1.7,49,0.4,12,0.2,6,0.2,7,0.358,0.0,0.166,False
101150,Lou Williams,67,28.5,1906.7116666666666,15.3,1028,2.5,169,2.5,167,0.9,62,0.3,19,0.408,0.344,0.221,False
201601,Luc Mbah a Moute,75,17.0,1273.835,3.1,231,2.3,171,0.4,30,0.6,44,0.3,19,0.454,0.325,0.095,False
203512,Lucas Nogueira,29,7.7,224.73,2.2,65,1.6,46,0.2,7,0.4,12,0.4,12,0.636,0.333,0.12,False
1626242,Luis Montero,12,3.5,42.03666666666667,1.2,14,0.3,4,0.1,1,0.0,0,0.0,0,0.263,0.111,0.255,False
2449,Luis Scola,76,21.5,1636.195,8.7,664,4.7,360,0.9,66,0.6,46,0.4,27,0.45,0.404,0.19,False
202337,Luke Babbitt,47,18.0,845.0833333333334,7.0,327,3.1,148,1.1,53,0.2,11,0.1,7,0.422,0.404,0.168,False
2736,Luol Deng,74,32.4,2393.9183333333335,12.3,911,6.0,443,1.9,140,1.0,74,0.4,29,0.455,0.344,0.168,False
1938,Manu Ginobili,58,19.6,1134.1016666666667,9.6,555,2.5,146,3.1,177,1.1,66,0.2,11,0.453,0.391,0.227,False
201188,Marc Gasol,52,34.4,1791.045,16.6,861,7.0,362,3.8,196,1.0,50,1.3,70,0.464,0.667,0.237,False
1626273,Marcelo Huertas,53,16.4,868.8166666666667,4.5,237,1.7,90,3.4,182,0.5,26,0.1,7,0.422,0.262,0.161,False
101162,Marcin Gortat,75,30.1,2255.9166666666665,13.5,1012,9.9,741,1.4,106,0.6,47,1.3,96,0.567,0.0,0.186,False
201158,Marco Belinelli,68,24.6,1671.6816666666666,10.2,696,1.7,117,1.9,127,0.5,37,0.0,2,0.386,0.306,0.193,False
202694,Marcus Morris Sr.,80,35.7,2856.451666666667,14.1,1131,5.1,404,2.5,201,0.8,67,0.3,23,0.434,0.362,0.182,False
203935,Marcus Smart,61,27.3,1666.805,9.1,558,4.2,255,3.0,185,1.5,91,0.3,18,0.348,0.253,0.168,False
201977,Marcus Thornton,61,18.2,1108.0783333333334,9.7,590,2.5,150,1.4,84,0.8,47,0.1,4,0.399,0.337,0.235,False
201596,Mario Chalmers,61,22.5,1372.7666666666667,10.3,628,2.6,157,3.8,230,1.4,88,0.2,13,0.41,0.309,0.214,False
1626209,Mario Hezonja,79,17.9,1412.8533333333332,6.1,478,2.2,176,1.4,109,0.5,39,0.2,17,0.433,0.349,0.166,False
203900,Markel Brown,62,15.8,982.3516666666667,5.9,363,2.0,122,1.5,91,0.6,38,0.2,15,0.394,0.314,0.183,False
202693,Markieff Morris,64,25.5,1628.875,12.0,765,5.5,352,1.9,124,0.9,58,0.5,34,0.425,0.303,0.24,False
201578,Marreese Speights,72,11.6,832.4166666666666,7.1,512,3.3,239,0.8,61,0.3,19,0.5,34,0.432,0.387,0.293,False
101107,Marvin Williams,81,28.9,2338.165,11.7,948,6.4,521,1.4,110,0.7,58,1.0,77,0.452,0.402,0.166,False
203486,Mason Plumlee,82,25.4,2083.5133333333333,9.1,749,7.7,628,2.8,226,0.8,68,1.0,85,0.516,0.0,0.171,False
2440,Matt Barnes,76,28.8,2190.153333333333,10.0,758,5.5,420,2.1,163,1.0,78,0.8,57,0.381,0.322,0.175,False
2588,Matt Bonner,30,6.9,205.91166666666666,2.5,76,0.9,27,0.3,9,0.2,6,0.0,1,0.509,0.441,0.14,False
203521,Matthew Dellavedova,76,24.6,1867.3333333333333,7.5,569,2.1,162,4.4,337,0.6,44,0.1,9,0.405,0.41,0.155,False
203090,Maurice Harkless,78,18.7,1457.045,6.4,498,3.6,280,0.9,67,0.6,49,0.4,35,0.474,0.279,0.153,False
1897,Metta World Peace,35,16.9,589.8766666666667,5.0,176,2.5,89,0.8,27,0.6,22,0.3,11,0.311,0.31,0.162,False
203086,Meyers Leonard,61,21.8,1332.5933333333332,8.4,511,5.1,314,1.5,92,0.1,8,0.3,18,0.448,0.377,0.174,False
201563,Michael Beasley,20,18.1,362.58666666666664,12.8,255,4.9,98,0.8,16,0.6,11,0.5,9,0.522,0.333,0.284,False
203487,Michael Carter-Williams,54,30.5,1649.3033333333333,11.5,623,5.1,276,5.2,281,1.5,80,0.8,41,0.452,0.273,0.206,False
203077,Michael Kidd-Gilchrist,7,29.2,204.74166666666667,12.7,89,6.4,45,1.3,9,0.4,3,0.4,3,0.541,0.429,0.173,False
201144,Mike Conley,56,31.4,1760.5116666666668,15.3,857,2.9,164,6.1,342,1.2,67,0.3,16,0.422,0.363,0.225,False
2399,Mike Dunleavy,31,22.7,702.6366666666667,7.2,222,2.7,83,1.3,39,0.5,14,0.3,10,0.41,0.394,0.141,False
2034,Mike Miller,47,7.9,372.96,1.3,63,1.1,53,0.9,40,0.3,13,0.1,4,0.355,0.365,0.089,False
203488,Mike Muscala,60,9.4,564.8916666666667,3.3,195,2.0,117,0.6,34,0.2,13,0.5,27,0.5,0.308,0.152,False
203118,Mike Scott,75,15.3,1146.2233333333334,6.2,464,2.7,206,1.0,78,0.3,25,0.2,17,0.468,0.392,0.171,False
203101,Miles Plumlee,61,14.3,869.8966666666666,5.1,314,3.8,232,0.3,16,0.3,21,0.8,50,0.601,0.0,0.151,False
203141,Mirza Teletovic,79,21.3,1685.4766666666667,12.2,965,3.8,302,1.1,89,0.4,32,0.3,21,0.427,0.393,0.229,False
203956,Mitch McGary,20,3.6,72.45,1.3,26,0.9,18,0.2,3,0.1,1,0.1,2,0.478,0.0,0.192,False
2590,Mo Williams,41,18.2,747.7783333333333,8.2,338,1.8,72,2.4,98,0.3,14,0.1,5,0.437,0.353,0.222,False
101145,Monta Ellis,81,33.8,2733.9683333333332,13.8,1121,3.3,271,4.7,383,1.9,150,0.5,37,0.427,0.309,0.208,False
1626149,Montrezl Harrell,39,9.7,378.6116666666667,3.6,140,1.7,65,0.4,17,0.3,11,0.3,11,0.644,0.0,0.141,False
1626167,Myles Turner,60,22.8,1367.185,10.3,619,5.5,332,0.7,41,0.4,25,1.4,86,0.498,0.214,0.207,False
101126,Nate Robinson,2,11.6,23.296666666666667,0.0,0,0.0,0,2.0,4,0.5,1,0.0,0,0.0,0.0,0.018,False
1737,Nazr Mohammed,5,3.9,19.458333333333332,1.6,8,0.8,4,0.0,0,0.0,0,0.0,0,0.6,0.0,0.2,False
202357,Nemanja Bjelica,60,17.9,1074.8033333333333,5.1,308,3.5,210,1.4,82,0.4,26,0.4,21,0.468,0.384,0.123,False
2403,Nene,57,19.2,1093.91,9.2,525,4.5,259,1.7,97,0.9,54,0.5,26,0.544,0.0,0.218,False
203457,Nerlens Noel,67,29.3,1965.245,11.1,747,8.1,542,1.8,122,1.8,118,1.5,100,0.521,0.5,0.187,False
2555,Nick Collison,59,11.9,699.2783333333333,2.1,123,2.9,171,0.9,52,0.3,15,0.3,16,0.459,0.0,0.105,False
201156,Nick Young,54,19.1,1033.41,7.3,392,1.8,97,0.6,34,0.4,23,0.1,7,0.339,0.325,0.182,False
201587,Nicolas Batum,70,35.0,2447.56,14.9,1046,6.1,428,5.8,403,0.9,65,0.6,43,0.426,0.348,0.209,False
203917,Nik Stauskas,73,24.8,1809.05,8.5,617,2.5,183,1.9,138,0.6,44,0.3,20,0.385,0.326,0.163,False
203999,Nikola Jokić,80,21.7,1732.5516666666667,10.0,796,7.0,560,2.4,189,1.0,79,0.6,50,0.512,0.333,0.194,False
202703,Nikola Mirotic,66,24.9,1646.11,11.8,777,5.5,362,1.5,100,0.9,58,0.7,46,0.407,0.39,0.209,False
201593,Nikola Pekovic,12,13.0,156.315,4.5,54,1.8,21,0.9,11,0.1,1,0.0,0,0.38,0.0,0.204,False
202696,Nikola Vučević,65,31.3,2036.8216666666667,18.2,1181,8.9,576,2.8,179,0.8,53,1.1,70,0.51,0.222,0.265,False
203943,Noah Vonleh,78,15.0,1173.4933333333333,3.6,283,3.9,305,0.4,30,0.3,27,0.3,26,0.421,0.239,0.13,False
1626181,Norman Powell,49,14.8,725.2266666666667,5.6,273,2.3,111,1.0,47,0.6,29,0.2,10,0.424,0.404,0.174,False
202708,Norris Cole,45,26.6,1198.3133333333333,10.6,477,3.4,151,3.7,167,0.8,37,0.1,5,0.405,0.324,0.212,False
201564,O.J. Mayo,41,26.6,1089.6766666666667,7.8,321,2.6,105,2.9,118,1.2,48,0.2,8,0.371,0.321,0.165,False
201600,Omer Asik,68,17.3,1178.1733333333334,4.0,269,6.1,414,0.4,26,0.3,21,0.3,23,0.533,0.0,0.114,False
203111,Orlando Johnson,7,14.5,101.71,3.7,26,2.1,15,0.3,2,0.4,3,0.4,3,0.265,0.2,0.167,False
203490,Otto Porter Jr.,75,30.3,2275.8733333333334,11.6,871,5.2,391,1.6,120,1.4,105,0.4,32,0.473,0.367,0.159,False
200782,P.J. Tucker,82,31.0,2539.5983333333334,8.0,652,6.2,512,2.2,177,1.3,106,0.2,20,0.411,0.33,0.125,False
203798,PJ Hairston,66,19.9,1313.12,6.2,410,2.6,174,0.6,38,0.5,32,0.2,11,0.355,0.29,0.161,False
203143,Pablo Prigioni,59,13.9,822.6366666666667,2.5,145,1.9,114,2.2,130,0.9,53,0.0,1,0.374,0.295,0.108,False
1626192,Pat Connaughton,34,4.2,143.46666666666667,1.1,36,0.9,32,0.3,10,0.1,2,0.0,0,0.265,0.238,0.178,False
201976,Patrick Beverley,71,28.7,2040.6483333333333,9.9,700,3.5,250,3.4,239,1.3,94,0.4,26,0.434,0.4,0.153,False
202335,Patrick Patterson,79,25.6,2019.5583333333334,6.9,543,4.3,342,1.2,94,0.7,53,0.4,32,0.414,0.362,0.127,False
201988,Patty Mills,81,20.5,1662.06,8.5,690,2.0,158,2.8,226,0.7,59,0.1,6,0.425,0.384,0.189,False
2200,Pau Gasol,72,31.8,2291.358333333333,16.5,1187,11.0,793,4.1,294,0.6,42,2.0,146,0.469,0.348,0.244,False
202331,Paul George,81,34.8,2818.9333333333334,23.1,1874,7.0,563,4.1,329,1.9,152,0.4,29,0.418,0.371,0.296,False
200794,Paul Millsap,81,32.7,2646.9166666666665,17.1,1385,9.0,732,3.3,265,1.8,147,1.7,139,0.47,0.319,0.238,False
1718,Paul Pierce,68,18.1,1230.6133333333332,6.1,417,2.7,186,1.0,71,0.5,33,0.3,17,0.363,0.31,0.177,False
203515,Phil Pressey,23,12.3,283.4433333333333,3.3,77,1.3,31,3.3,75,0.8,18,0.2,4,0.385,0.222,0.174,False
203112,Quincy Acy,59,14.8,875.8933333333333,5.2,307,3.2,188,0.5,27,0.5,29,0.4,24,0.556,0.388,0.128,False
1626154,RJ Hunter,36,8.7,314.5683333333333,2.7,97,1.0,37,0.4,13,0.4,14,0.1,4,0.367,0.302,0.15,False
200765,Rajon Rondo,72,35.2,2536.6883333333335,11.9,859,6.0,435,11.7,839,2.0,141,0.1,10,0.454,0.365,0.186,False
1626176,Rakeem Christmas,1,6.1,6.1,4.0,4,1.0,1,0.0,0,0.0,0,0.0,0,1.0,0.0,0.143,False
201196,Ramon Sessions,82,20.3,1667.035,9.9,810,2.5,203,2.9,239,0.6,46,0.1,5,0.473,0.324,0.214,False
200751,Randy Foye,81,20.3,1641.505,5.9,474,1.9,156,2.0,161,0.5,39,0.4,29,0.351,0.3,0.157,False
1626173,Rashad Vaughn,70,14.3,1000.6933333333334,3.1,217,1.3,88,0.6,39,0.4,29,0.2,16,0.305,0.293,0.13,False
2446,Rasual Butler,46,9.4,431.51166666666666,2.7,124,1.2,56,0.5,24,0.3,13,0.5,23,0.471,0.306,0.123,False
203526,Raul Neto,81,18.5,1498.6016666666667,5.9,476,1.5,120,2.1,174,0.8,62,0.0,2,0.431,0.395,0.172,False
203492,Ray McCallum,41,11.6,474.38166666666666,3.3,137,1.1,47,1.5,60,0.3,12,0.2,7,0.377,0.357,0.164,False
101109,Raymond Felton,80,27.4,2191.995,9.5,763,3.2,258,3.6,284,0.9,68,0.2,15,0.406,0.282,0.179,False
203493,Reggie Bullock Jr.,37,11.6,428.845,3.3,122,1.8,68,0.7,27,0.3,10,0.1,2,0.439,0.415,0.113,False
202704,Reggie Jackson,79,30.7,2424.2116666666666,18.8,1489,3.2,253,6.2,492,0.7,59,0.1,11,0.434,0.353,0.283,False
2210,Richard Jefferson,74,17.9,1325.625,5.5,410,1.7,128,0.8,59,0.4,33,0.2,14,0.458,0.382,0.133,False
1626158,Richaun Holmes,51,13.8,702.0016666666667,5.6,287,2.6,135,0.6,33,0.4,19,0.8,40,0.514,0.182,0.171,False
201937,Ricky Rubio,76,30.6,2322.62,10.1,766,4.3,326,8.7,658,2.1,162,0.1,10,0.374,0.326,0.173,False
203496,Robert Covington,67,28.4,1903.0533333333333,12.8,858,6.3,419,1.4,97,1.6,105,0.6,40,0.385,0.353,0.209,False
203135,Robert Sacre,25,12.8,320.09,3.5,87,2.9,72,0.6,14,0.2,4,0.4,10,0.413,0.0,0.139,False
201577,Robin Lopez,82,27.1,2218.94,10.3,842,7.3,602,1.4,114,0.2,16,1.6,129,0.539,0.0,0.174,False
203918,Rodney Hood,79,32.2,2541.016666666667,14.5,1149,3.4,267,2.7,213,0.9,73,0.2,16,0.42,0.359,0.215,False
201155,Rodney Stuckey,58,22.0,1275.4633333333334,8.9,517,2.7,156,2.4,142,0.7,43,0.1,8,0.413,0.241,0.202,False
1626178,Rondae Hollis-Jefferson,29,21.2,615.4566666666667,5.8,167,5.3,154,1.5,43,1.3,39,0.6,16,0.457,0.286,0.131,False
101179,Ronnie Price,62,19.5,1211.1833333333334,5.3,331,1.6,99,2.4,147,1.2,74,0.2,13,0.384,0.347,0.135,False
201579,Roy Hibbert,81,23.2,1877.87,5.9,481,4.9,398,1.2,95,0.4,32,1.4,110,0.443,0.0,0.13,False
200752,Rudy Gay,70,34.0,2378.71,17.2,1204,6.5,456,1.7,120,1.4,100,0.7,51,0.463,0.344,0.222,False
203497,Rudy Gobert,61,31.7,1932.0733333333333,9.1,557,11.0,668,1.5,91,0.7,45,2.2,135,0.559,0.0,0.143,False
203893,Russ Smith,15,4.4,66.185,1.5,23,0.6,9,0.7,11,0.3,5,0.1,1,0.318,0.2,0.219,False
201566,Russell Westbrook,80,34.4,2749.4683333333332,23.5,1878,7.8,626,10.4,834,2.0,163,0.3,20,0.454,0.296,0.311,False
201583,Ryan Anderson,66,30.4,2008.13,17.0,1124,6.0,396,1.1,73,0.6,38,0.4,25,0.427,0.366,0.238,False
200797,Ryan Hollins,37,12.4,459.67333333333335,3.4,124,2.6,98,0.3,10,0.2,6,0.6,21,0.62,0.0,0.116,False
203527,Ryan Kelly,36,13.1,469.8066666666667,4.2,152,3.4,121,0.6,20,0.4,13,0.3,10,0.369,0.135,0.173,False
1626257,Salah Mejri,34,11.7,397.23,3.7,125,3.6,123,0.3,10,0.2,8,1.1,36,0.628,0.0,0.138,False
1626155,Sam Dekker,3,2.0,6.148333333333333,0.0,0,0.3,1,0.0,0,0.3,1,0.0,0,0.0,0.0,0.0,False
201619,Sasha Kaun,25,3.8,95.395,0.9,23,1.0,26,0.1,3,0.2,4,0.2,5,0.529,0.0,0.119,False
2756,Sasha Vujacic,61,14.9,908.3916666666667,4.9,296,2.4,149,1.4,84,0.6,34,0.1,5,0.383,0.364,0.159,False
203930,Sean Kilpatrick,31,19.9,616.175,11.1,345,1.8,56,0.9,29,0.4,12,0.1,2,0.456,0.342,0.227,False
201586,Serge Ibaka,78,32.1,2500.2933333333335,12.6,983,6.8,533,0.8,66,0.5,38,1.9,148,0.479,0.326,0.174,False
203508,Sergey Karasev,40,10.0,399.42333333333335,2.4,97,1.5,58,0.9,35,0.2,6,0.1,2,0.405,0.297,0.117,False
203552,Seth Curry,44,15.7,691.7433333333333,6.8,299,1.4,60,1.5,67,0.5,22,0.1,3,0.455,0.45,0.172,False
203498,Shabazz Muhammad,82,20.5,1681.985,10.5,863,3.3,267,0.6,52,0.3,24,0.1,7,0.465,0.289,0.222,False
203894,Shabazz Napier,55,10.9,599.865,3.7,203,1.0,55,1.8,97,0.4,23,0.0,1,0.338,0.327,0.196,False
203499,Shane Larkin,78,22.4,1750.6516666666666,7.3,566,2.3,180,4.4,342,1.2,95,0.2,12,0.442,0.361,0.172,False
2733,Shaun Livingston,78,19.5,1519.5333333333333,6.3,488,2.2,169,3.0,237,0.7,57,0.3,27,0.536,0.167,0.14,False
203963,Shayne Whittington,7,5.8,40.71666666666667,1.6,11,1.7,12,0.4,3,0.1,1,0.1,1,0.455,0.0,0.172,False
202714,Shelvin Mack,52,20.3,1057.9366666666667,8.6,448,2.5,128,3.6,187,0.7,34,0.1,3,0.439,0.312,0.229,False
203524,Solomon Hill,59,14.7,866.1666666666666,4.2,246,2.8,166,1.0,57,0.6,37,0.2,11,0.447,0.324,0.128,False
201603,Sonny Weems,43,11.6,498.355,2.5,107,1.2,53,1.1,49,0.2,10,0.0,1,0.382,0.366,0.129,False
203915,Spencer Dinwiddie,12,13.3,159.23,4.8,58,1.4,17,1.8,22,0.3,3,0.0,0,0.352,0.1,0.207,False
201150,Spencer Hawes,57,18.2,1035.0033333333333,6.0,340,4.3,244,1.9,109,0.4,22,0.5,27,0.405,0.373,0.168,False
1626169,Stanley Johnson,73,23.1,1687.0716666666667,8.1,593,4.2,306,1.6,118,0.8,55,0.2,12,0.375,0.307,0.191,False
201939,Stephen Curry,79,34.2,2699.975,30.1,2375,5.4,430,6.7,527,2.1,169,0.2,15,0.504,0.454,0.314,False
2581,Steve Blake,58,17.0,986.4,4.4,254,1.5,89,3.4,200,0.4,24,0.1,5,0.388,0.344,0.143,False
200779,Steve Novak,10,4.4,44.288333333333334,2.4,24,0.5,5,0.0,0,0.0,0,0.0,0,0.444,0.467,0.162,False
203500,Steven Adams,80,25.2,2014.3883333333333,8.0,636,6.7,533,0.8,62,0.5,42,1.1,89,0.613,0.0,0.125,False
204456,T.J. McConnell,81,19.8,1605.9416666666666,6.1,493,3.1,250,4.5,367,1.2,95,0.1,10,0.47,0.348,0.167,False
203933,T.J. Warren,47,22.8,1070.19,11.0,515,3.1,147,0.9,44,0.8,37,0.3,16,0.501,0.4,0.195,False
201959,Taj Gibson,73,26.5,1935.5583333333334,8.6,627,6.9,504,1.5,106,0.6,47,1.1,77,0.526,0.0,0.144,False
204028,Tarik Black,39,12.7,495.59,3.4,133,4.0,157,0.4,16,0.4,14,0.5,18,0.548,0.0,0.13,False
2419,Tayshaun Prince,77,19.0,1461.5616666666667,2.9,221,1.9,147,1.0,74,0.5,36,0.2,13,0.445,0.174,0.081,False
203093,Terrence Jones,50,20.9,1044.235,8.7,434,4.2,211,0.8,41,0.5,23,0.8,39,0.452,0.316,0.19,False
203082,Terrence Ross,73,23.9,1747.3766666666668,9.9,720,2.5,185,0.8,56,0.7,54,0.3,25,0.431,0.386,0.178,False
1626179,Terry Rozier,39,8.0,311.325,1.8,72,1.6,63,0.9,37,0.2,6,0.0,1,0.274,0.222,0.168,False
200757,Thabo Sefolosha,75,23.4,1757.665,6.4,480,4.5,334,1.4,107,1.1,85,0.5,37,0.507,0.341,0.121,False
201152,Thaddeus Young,73,33.0,2407.4183333333335,15.1,1102,9.0,660,1.9,136,1.5,112,0.5,37,0.514,0.233,0.217,False
203648,Thanasis Antetokounmpo,2,3.1,6.25,3.0,6,0.5,1,0.0,0,0.0,0,0.0,0,0.75,0.0,0.286,False
203080,Thomas Robinson,71,12.9,916.4483333333334,4.3,307,5.1,359,0.6,46,0.5,39,0.5,36,0.447,0.0,0.186,False
201168,Tiago Splitter,36,16.1,579.4733333333334,5.6,201,3.3,120,0.8,30,0.6,20,0.3,12,0.523,0.0,0.15,False
202353,Tibor Pleiss,12,6.8,81.54,2.0,24,1.3,15,0.2,2,0.1,1,0.2,2,0.44,0.0,0.186,False
1495,Tim Duncan,61,25.2,1536.4266666666667,8.6,522,7.3,447,2.7,163,0.8,47,1.3,78,0.488,0.0,0.171,False
204025,Tim Frazier,51,14.5,741.255,5.1,261,2.2,110,3.2,162,0.6,33,0.0,2,0.419,0.333,0.192,False
203501,Tim Hardaway Jr.,51,16.9,864.11,6.4,326,1.7,86,1.0,51,0.4,21,0.1,7,0.43,0.336,0.159,False
202389,Timofey Mozgov,76,17.4,1325.5883333333334,6.3,475,4.4,337,0.4,33,0.3,22,0.8,57,0.565,0.143,0.16,False
202699,Tobias Harris,76,33.1,2513.395,14.7,1116,6.7,510,2.2,169,0.9,65,0.5,40,0.469,0.335,0.192,False
201962,Toney Douglas,61,20.7,1262.2883333333334,8.7,531,2.3,143,2.6,157,1.1,70,0.1,5,0.411,0.399,0.189,False
2754,Tony Allen,64,25.3,1619.8216666666667,8.4,535,4.6,296,1.1,70,1.7,110,0.3,18,0.458,0.357,0.167,False
2225,Tony Parker,72,27.5,1980.4416666666666,11.9,857,2.4,176,5.3,379,0.8,54,0.2,11,0.493,0.415,0.211,False
203503,Tony Snell,64,20.3,1301.0133333333333,5.3,338,3.1,199,1.0,63,0.3,16,0.3,17,0.372,0.361,0.134,False
203100,Tony Wroten,8,18.0,144.3,8.4,67,2.6,21,2.5,20,0.4,3,0.0,0,0.338,0.176,0.32,False
2772,Trevor Ariza,81,35.3,2859.1216666666664,12.7,1025,4.5,366,2.3,188,2.0,160,0.3,26,0.416,0.371,0.156,False
202344,Trevor Booker,79,20.7,1632.0333333333333,5.9,463,5.7,452,1.1,83,0.7,59,0.5,41,0.49,0.293,0.141,False
203504,Trey Burke,64,21.3,1365.7916666666667,10.6,679,1.8,112,2.3,148,0.5,35,0.1,6,0.413,0.344,0.242,False
1626168,Trey Lyles,80,17.3,1382.3933333333334,6.1,488,3.7,299,0.7,59,0.3,26,0.2,18,0.438,0.383,0.178,False
202684,Tristan Thompson,82,27.7,2269.266666666667,7.8,643,9.0,738,0.8,62,0.5,38,0.6,51,0.588,0.0,0.114,False
203584,Troy Daniels,43,11.1,476.25666666666666,5.6,242,1.3,57,0.5,21,0.3,11,0.1,3,0.476,0.484,0.195,False
201951,Ty Lawson,66,21.4,1411.1916666666666,5.7,373,1.8,120,3.6,237,0.8,53,0.1,7,0.393,0.333,0.145,False
203898,Tyler Ennis,46,14.2,654.4783333333334,4.5,206,1.6,75,2.1,95,0.5,25,0.0,1,0.449,0.333,0.168,False
201946,Tyler Hansbrough,44,7.8,342.65833333333336,2.4,104,2.0,89,0.2,8,0.3,12,0.2,7,0.451,0.667,0.144,False
204020,Tyler Johnson,36,24.0,862.5566666666666,8.7,314,3.0,109,2.2,79,0.7,24,0.4,14,0.486,0.38,0.167,False
203092,Tyler Zeller,60,11.8,709.9383333333334,6.1,364,3.0,178,0.5,29,0.2,10,0.4,22,0.476,0.0,0.225,False
201936,Tyreke Evans,25,30.6,765.335,15.2,379,5.2,129,6.6,164,1.3,32,0.3,8,0.433,0.388,0.254,False
2199,Tyson Chandler,66,24.5,1617.9133333333334,7.2,472,8.7,576,1.0,64,0.5,36,0.7,44,0.583,0.0,0.126,False
1626145,Tyus Jones,37,15.5,572.72,4.2,156,1.3,47,2.9,108,0.8,31,0.1,3,0.359,0.302,0.151,False
2617,Udonis Haslem,37,7.0,259.53833333333336,1.6,59,2.0,75,0.4,14,0.1,5,0.1,2,0.377,0.111,0.131,False
203506,Victor Oladipo,72,33.0,2379.33,16.0,1153,4.8,345,3.9,282,1.6,116,0.8,54,0.438,0.348,0.224,False
1713,Vince Carter,60,16.8,1005.3533333333334,6.6,395,2.4,146,0.9,56,0.6,38,0.3,16,0.388,0.349,0.177,False
201961,Wayne Ellington,76,21.2,1614.9766666666667,7.7,586,2.3,174,1.1,83,0.6,48,0.1,5,0.389,0.358,0.172,False
202325,Wesley Johnson,80,20.8,1665.8116666666667,6.9,549,3.1,248,0.6,49,1.1,89,0.7,56,0.404,0.333,0.153,False
202083,Wesley Matthews,78,33.9,2644.3016666666667,12.5,977,3.1,238,1.9,151,1.0,78,0.2,17,0.388,0.36,0.171,False
203115,Will Barton,82,28.7,2353.3716666666664,14.4,1178,5.8,476,2.5,203,0.9,71,0.5,39,0.432,0.345,0.226,False
1626161,Willie Cauley-Stein,66,21.4,1411.545,7.0,463,5.3,352,0.6,37,0.7,47,1.0,66,0.563,0.0,0.131,False
203186,Willie Reed,39,10.9,425.6333333333333,4.7,182,3.1,122,0.3,10,0.2,6,0.8,30,0.571,0.0,0.175,False
204098,Xavier Munford,14,17.4,244.29333333333332,5.7,80,2.2,31,1.6,22,0.9,13,0.2,3,0.416,0.391,0.168,False
203897,Zach LaVine,82,28.0,2293.483333333333,14.0,1150,2.8,228,3.1,251,0.8,69,0.2,17,0.452,0.389,0.228,False
2216,Zach Randolph,68,29.7,2016.405,15.3,1040,7.8,529,2.1,142,0.6,43,0.2,13,0.475,0.231,0.247,False
2585,Zaza Pachulia,76,26.4,2004.1066666666666,8.6,650,9.4,718,1.7,128,0.8,64,0.3,22,0.466,0.0,0.163,False
