PLAYER_ID,PLAYER_NAME,GP,MIN,MIN_TOT,PTS,PTS_TOT,REB,REB_TOT,AST,AST_TOT,STL,STL_TOT,BLK,BLK_TOT,FG_PCT,FG3_PCT,USG_PCT,IS_DENI
1630166,Deni Avdija,40,35.4,1414.335,26.1,1043,7.1,283,6.9,276,0.9,35,0.6,24,0.468,0.355,0.282,True
1630639,A.J. Lawson,6,9.3,56.098333333333336,5.5,33,1.7,10,0.2,1,0.5,3,0.3,2,0.393,0.4,0.24,False
1631260,AJ Green,36,29.6,1066.6716666666666,10.3,372,2.7,97,2.1,75,0.7,24,0.1,3,0.443,0.435,0.126,False
1642358,AJ Johnson,21,7.1,148.18666666666667,1.7,35,1.1,23,0.7,14,0.2,4,0.0,0,0.259,0.267,0.176,False
203932,Aaron Gordon,17,27.6,469.135,18.4,313,6.1,104,1.8,30,0.6,10,0.2,3,0.514,0.413,0.235,False
1628988,Aaron Holiday,29,14.4,416.2183333333333,6.2,179,0.9,25,1.0,30,0.4,13,0.1,4,0.4,0.38,0.174,False
1630174,Aaron Nesmith,20,30.0,600.1583333333333,14.2,284,5.1,101,2.1,42,0.7,14,0.6,11,0.372,0.39,0.194,False
1630598,Aaron Wiggins,27,22.8,614.6216666666667,10.4,282,3.0,82,1.7,45,0.7,20,0.6,17,0.45,0.392,0.191,False
1642846,Ace Bailey,32,23.1,740.0716666666667,9.9,317,3.2,102,1.5,48,0.7,23,0.4,12,0.438,0.349,0.182,False
1641737,Adem Bona,29,17.1,496.7633333333333,4.0,115,3.9,112,0.3,8,0.3,9,1.4,40,0.571,0.4,0.092,False
1642876,Adou Thiero,15,5.8,86.70333333333333,1.3,20,1.2,18,0.3,5,0.3,5,0.1,1,0.389,0.0,0.125,False
1642349,Ajay Mitchell,38,26.2,997.185,14.2,540,3.4,129,3.6,137,1.4,55,0.3,13,0.478,0.344,0.212,False
201143,Al Horford,21,19.2,403.2783333333333,6.8,142,5.0,104,1.8,38,0.8,16,1.0,21,0.385,0.348,0.159,False
1627936,Alex Caruso,28,18.4,515.5633333333334,6.1,170,2.9,80,2.1,58,1.4,39,0.4,11,0.428,0.307,0.143,False
1642259,Alex Sarr,29,28.2,818.0416666666666,17.3,502,7.8,226,2.9,84,0.8,23,2.3,67,0.501,0.349,0.252,False
1642918,Alijah Martin,6,10.9,65.56666666666666,3.7,22,1.8,11,1.0,6,0.8,5,0.5,3,0.318,0.1,0.172,False
1630578,Alperen Sengun,29,34.4,996.45,21.7,629,9.0,260,6.4,186,1.5,43,1.0,28,0.507,0.309,0.264,False
1642873,Amari Williams,6,5.2,30.946666666666665,0.5,3,1.2,7,0.2,1,0.2,1,0.3,2,0.5,0.0,0.041,False
1641708,Amen Thompson,36,36.9,1327.0866666666666,18.7,673,7.7,278,5.2,188,1.3,47,0.6,20,0.518,0.189,0.205,False
1629599,Amir Coffey,22,7.7,168.71166666666667,1.5,32,0.7,16,0.4,8,0.0,0,0.0,1,0.423,0.25,0.078,False
203083,Andre Drummond,33,20.2,667.2866666666666,7.0,232,8.8,290,0.8,26,0.6,19,0.9,29,0.508,0.395,0.141,False
1641748,Andre Jackson Jr.,15,6.5,97.12,1.5,22,0.8,12,1.1,17,0.3,5,0.1,2,0.292,0.2,0.143,False
1629614,Andrew Nembhard,31,31.7,982.8966666666666,17.5,542,2.6,82,7.1,220,1.0,31,0.1,4,0.442,0.372,0.239,False
203952,Andrew Wiggins,35,31.7,1110.9383333333333,16.0,560,4.8,168,2.8,99,1.2,42,1.1,40,0.474,0.411,0.2,False
1629014,Anfernee Simons,39,24.0,935.7416666666667,13.5,525,2.3,91,2.5,98,0.4,17,0.1,4,0.439,0.402,0.22,False
1641710,Anthony Black,40,30.3,1211.68,15.7,628,4.1,164,3.9,157,1.3,53,0.7,27,0.465,0.35,0.223,False
203076,Anthony Davis,20,31.3,625.63,20.4,407,11.1,221,2.8,56,1.1,22,1.7,33,0.506,0.27,0.272,False
1630162,Anthony Edwards,33,34.9,1151.8566666666666,28.9,953,5.0,164,3.8,124,1.3,44,0.8,28,0.5,0.409,0.303,False
1630264,Anthony Gill,17,4.1,69.62333333333333,1.7,29,0.9,15,0.0,0,0.1,1,0.1,2,0.688,0.6,0.13,False
1641810,Antonio Reeves,6,8.8,52.99666666666667,3.5,21,0.8,5,0.3,2,0.2,1,0.0,0,0.5,0.5,0.13,False
1630574,Ariel Hukporti,25,9.5,237.10166666666666,1.6,41,2.8,71,0.7,17,0.2,5,0.6,15,0.5,0.0,0.086,False
1642854,Asa Newell,30,10.7,320.13666666666666,5.1,154,2.0,60,0.5,16,0.3,10,0.3,10,0.561,0.453,0.162,False
1641709,Ausar Thompson,34,26.4,897.2666666666667,11.2,382,5.8,197,2.6,90,1.6,53,0.9,29,0.51,0.278,0.188,False
1630559,Austin Reaves,23,35.3,811.7783333333333,26.6,612,5.2,120,6.3,144,1.0,22,0.2,5,0.507,0.365,0.276,False
1630245,Ayo Dosunmu,32,26.2,837.9466666666667,14.5,464,2.7,87,3.5,113,0.7,21,0.3,8,0.515,0.45,0.193,False
1628389,Bam Adebayo,31,30.8,954.4433333333334,16.4,509,9.7,301,2.6,81,0.9,29,0.8,25,0.446,0.317,0.225,False
1631248,Baylor Scheierman,34,11.8,402.87833333333333,2.8,95,1.6,55,0.6,20,0.5,16,0.1,2,0.493,0.418,0.088,False
1642879,Ben Saraf,12,16.9,203.02166666666668,5.4,65,1.6,19,2.8,34,0.7,8,0.3,3,0.355,0.273,0.191,False
1641767,Ben Sheppard,29,24.1,697.4583333333334,6.6,192,3.7,108,1.8,53,0.6,18,0.1,3,0.375,0.318,0.121,False
1631097,Bennedict Mathurin,24,32.1,771.5133333333333,17.8,427,5.5,132,2.2,52,0.7,16,0.2,4,0.423,0.366,0.233,False
1641731,Bilal Coulibaly,24,27.3,654.6733333333333,10.4,250,4.8,115,2.6,62,1.5,36,1.0,23,0.389,0.273,0.18,False
202687,Bismack Biyombo,11,5.9,64.585,0.8,9,0.6,7,0.3,3,0.3,3,0.1,1,0.667,0.0,0.066,False
1631104,Blake Wesley,6,16.3,98.08,6.0,36,2.3,14,3.2,19,1.7,10,0.2,1,0.412,0.2,0.173,False
1626171,Bobby Portis,39,23.3,907.245,12.9,505,6.5,253,1.3,51,0.5,20,0.2,7,0.488,0.471,0.224,False
1641752,Bobi Klintman,6,8.8,52.885,2.8,17,2.7,16,0.7,4,0.3,2,0.0,0,0.333,0.273,0.19,False
203992,Bogdan Bogdanović,16,22.5,360.1433333333333,8.0,128,2.9,46,2.7,43,0.5,8,0.1,1,0.376,0.333,0.177,False
1630538,Bones Hyland,31,13.7,424.02666666666664,6.4,197,1.4,43,2.5,76,0.5,16,0.2,7,0.44,0.337,0.187,False
203078,Bradley Beal,6,20.2,120.91666666666667,8.2,49,0.8,5,1.7,10,0.5,3,0.0,0,0.375,0.368,0.224,False
1642382,Branden Carlson,30,10.9,327.08666666666664,5.0,150,2.5,75,0.6,18,0.2,6,0.5,15,0.53,0.352,0.176,False
1641764,Brandin Podziemski,40,26.8,1071.59,11.7,467,4.4,176,3.2,129,1.0,41,0.2,7,0.453,0.397,0.175,False
1629634,Brandon Clarke,2,10.2,20.438333333333333,4.0,8,3.0,6,0.5,1,1.0,2,0.0,0,0.333,0.0,0.193,False
1627742,Brandon Ingram,39,33.7,1313.7266666666667,21.7,845,6.0,235,3.7,145,0.7,29,0.7,29,0.471,0.346,0.271,False
1641706,Brandon Miller,23,29.8,686.21,19.1,439,4.3,99,3.4,78,1.0,23,1.0,24,0.402,0.348,0.28,False
1630314,Brandon Williams,34,22.0,749.4116666666666,11.5,392,2.8,94,3.8,129,1.2,40,0.2,7,0.43,0.191,0.237,False
1641729,Brice Sensabaugh,38,20.2,766.2783333333333,10.1,385,2.8,107,1.5,58,0.7,26,0.1,5,0.427,0.322,0.207,False
1642355,Bronny James,20,7.5,149.725,1.8,35,0.5,10,1.2,24,0.5,9,0.1,1,0.351,0.35,0.14,False
201572,Brook Lopez,32,17.0,543.685,6.4,205,2.7,85,0.9,29,0.4,14,1.0,31,0.361,0.345,0.187,False
1642964,Brooks Barnhizer,21,7.6,160.32,1.4,29,1.8,38,0.4,9,0.1,3,0.1,2,0.444,0.167,0.087,False
1628971,Bruce Brown,39,24.7,964.2716666666666,7.2,280,4.2,164,2.2,85,1.0,40,0.2,9,0.45,0.317,0.135,False
1631121,Bryce McGowens,26,19.9,518.295,8.0,207,2.1,54,1.4,36,0.7,17,0.1,3,0.479,0.469,0.145,False
1642267,Bub Carrington,38,27.4,1040.9966666666667,9.5,362,3.8,146,4.4,169,0.5,19,0.2,8,0.405,0.421,0.161,False
1627741,Buddy Hield,34,17.1,580.4316666666666,7.3,249,2.5,84,1.4,48,0.8,27,0.1,3,0.418,0.327,0.182,False
203468,CJ McCollum,36,30.7,1105.89,18.6,670,3.4,124,3.6,130,0.7,25,0.3,9,0.451,0.387,0.237,False
1630595,Cade Cunningham,33,35.6,1176.3633333333332,26.7,882,6.2,204,9.7,321,1.5,51,0.8,27,0.465,0.34,0.301,False
1631216,Caleb Houstan,9,4.9,44.4,2.2,20,0.6,5,0.2,2,0.1,1,0.1,1,0.429,0.455,0.178,False
1631126,Caleb Love,32,21.1,675.065,10.7,341,2.7,87,2.3,73,0.4,14,0.1,3,0.391,0.333,0.219,False
1628997,Caleb Martin,33,10.1,331.9583333333333,1.8,58,1.6,54,1.1,35,0.4,14,0.1,4,0.361,0.133,0.103,False
1642353,Cam Christie,25,8.5,211.53333333333333,3.0,76,1.5,38,0.5,12,0.2,6,0.1,2,0.338,0.29,0.183,False
1642285,Cam Spencer,38,23.9,907.2533333333333,12.0,455,2.6,100,5.3,203,0.8,29,0.1,2,0.479,0.466,0.176,False
1630560,Cam Thomas,15,25.3,379.41333333333336,18.9,284,1.8,27,2.5,37,0.3,4,0.1,2,0.422,0.35,0.316,False
1641715,Cam Whitmore,21,16.9,353.98333333333335,9.2,193,2.8,58,0.7,15,0.7,15,0.4,8,0.456,0.286,0.225,False
1629661,Cameron Johnson,28,30.6,857.0383333333333,11.7,327,3.6,100,2.4,66,0.6,17,0.3,8,0.461,0.429,0.146,False
1627747,Caris LeVert,28,20.0,558.6066666666667,8.3,232,1.8,49,2.9,80,0.9,24,0.6,18,0.439,0.37,0.176,False
1642868,Carter Bryant,29,7.6,220.66833333333332,2.1,62,1.6,45,0.2,5,0.1,4,0.1,2,0.319,0.256,0.156,False
1641717,Cason Wallace,38,26.9,1023.7533333333333,7.3,279,3.1,117,2.1,81,2.1,80,0.2,9,0.408,0.345,0.124,False
1642907,Cedric Coward,36,26.7,959.8783333333333,13.9,501,6.7,240,2.9,105,0.6,20,0.3,11,0.47,0.34,0.202,False
1629646,Charles Bassey,2,15.3,30.516666666666666,3.5,7,7.5,15,1.0,2,0.5,1,0.5,1,0.375,0.0,0.123,False
1642404,Chaz Lanier,16,9.6,153.42666666666668,3.3,53,0.9,15,0.8,12,0.3,5,0.0,0,0.354,0.341,0.134,False
1631096,Chet Holmgren,34,29.0,987.5066666666667,18.1,617,8.3,283,1.6,55,0.6,20,1.8,62,0.574,0.373,0.225,False
1628449,Chris Boucher,8,11.3,90.63333333333334,2.3,18,2.3,18,0.4,3,0.6,5,0.9,7,0.318,0.083,0.118,False
1641753,Chris Livingston,3,5.8,17.426666666666666,3.0,9,1.0,3,0.3,1,0.3,1,0.0,0,0.571,0.0,0.189,False
1643024,Chris Mañon,4,3.4,13.651666666666667,0.0,0,0.8,3,0.0,0,0.3,1,0.5,2,0.0,0.0,0.026,False
101108,Chris Paul,16,14.2,227.535,2.9,47,1.8,28,3.3,53,0.7,11,0.0,0,0.321,0.333,0.135,False
1642959,Chris Youngblood,26,5.3,136.79166666666666,1.8,47,0.8,22,0.3,7,0.1,3,0.0,0,0.318,0.308,0.154,False
1631128,Christian Braun,14,28.9,404.04,9.5,133,4.2,59,2.5,35,0.6,9,0.4,6,0.459,0.212,0.148,False
1631132,Christian Koloko,13,15.5,200.90666666666667,2.2,29,3.5,45,0.8,10,0.8,10,1.0,13,0.4,0.0,0.088,False
1642935,Chucky Hepburn,2,6.6,13.233333333333333,0.0,0,0.5,1,1.0,2,0.5,1,0.0,0,0.0,0.0,0.219,False
203991,Clint Capela,32,11.5,368.67333333333335,3.6,116,4.6,146,0.5,17,0.5,17,0.7,22,0.531,0.0,0.136,False
1629632,Coby White,18,28.0,503.6533333333333,18.6,334,3.4,61,4.5,81,0.7,12,0.0,0,0.45,0.317,0.271,False
1628998,Cody Martin,4,13.8,55.18,1.8,7,3.5,14,0.5,2,1.0,4,0.5,2,0.2,0.0,0.119,False
1642262,Cody Williams,26,15.1,392.2266666666667,4.7,122,1.5,40,0.7,19,0.3,8,0.2,6,0.436,0.191,0.138,False
1641732,Colby Jones,1,6.8,6.816666666666666,2.0,2,4.0,4,2.0,2,0.0,0,0.0,0,0.333,0.0,0.158,False
1630175,Cole Anthony,27,15.0,403.995,6.5,176,2.6,69,3.7,99,0.6,17,0.3,8,0.428,0.288,0.24,False
1631221,Collin Gillespie,39,28.1,1094.2916666666667,13.2,513,4.1,161,4.9,191,1.4,56,0.3,11,0.432,0.408,0.188,False
1642867,Collin Murray-Boyles,34,20.7,703.5166666666667,7.5,255,4.9,168,1.8,62,0.9,32,0.6,20,0.541,0.366,0.149,False
1629012,Collin Sexton,31,23.9,740.3983333333333,15.2,470,2.1,64,4.1,128,0.8,24,0.2,5,0.485,0.39,0.253,False
1642843,Cooper Flagg,39,34.6,1348.0233333333333,19.1,746,6.4,249,4.3,166,1.3,51,0.8,31,0.48,0.293,0.232,False
1630557,Corey Kispert,20,19.2,383.56166666666667,8.8,176,2.3,46,1.8,35,0.5,9,0.2,3,0.48,0.38,0.158,False
1641854,Craig Porter Jr.,36,17.4,626.8883333333333,4.9,175,3.6,131,2.8,102,1.0,36,0.6,23,0.49,0.4,0.117,False
1642938,Curtis Jones,5,4.4,21.933333333333334,0.8,4,0.8,4,0.2,1,0.0,0,0.0,0,0.2,0.0,0.204,False
1626156,D'Angelo Russell,26,19.0,494.775,10.2,264,2.3,61,4.0,104,0.5,12,0.1,2,0.405,0.295,0.261,False
1641747,DaRon Holmes II,9,13.7,123.26,4.6,41,1.7,15,1.4,13,0.0,0,0.4,4,0.448,0.455,0.135,False
1631342,Daeqwon Plowden,1,14.0,14.0,2.0,2,2.0,2,0.0,0,0.0,0,0.0,0,0.2,0.0,0.152,False
1631207,Dalen Terry,23,10.4,239.36833333333334,2.6,59,1.5,35,1.1,26,0.6,13,0.3,6,0.424,0.261,0.126,False
1642261,Dalton Knecht,32,13.3,425.9066666666667,5.2,167,1.7,55,0.4,13,0.3,8,0.3,9,0.438,0.318,0.167,False
1629655,Daniel Gafford,28,20.9,584.0266666666666,7.9,221,6.4,178,0.9,24,0.8,23,1.4,38,0.623,0.0,0.142,False
1642450,Daniss Jenkins,31,16.4,507.7916666666667,7.6,237,1.8,57,3.3,101,0.9,27,0.1,3,0.428,0.39,0.207,False
1642874,Danny Wolf,23,19.5,449.43833333333333,7.5,172,4.3,98,1.8,41,0.6,14,0.3,7,0.381,0.343,0.188,False
203967,Dario Šarić,5,8.2,41.248333333333335,1.0,5,1.2,6,0.4,2,0.0,0,0.0,0,0.167,0.333,0.1,False
1629636,Darius Garland,25,30.8,768.9516666666667,17.9,447,2.4,60,6.9,173,0.8,20,0.1,3,0.445,0.357,0.248,False
1642357,David Jones Garcia,11,6.2,67.975,2.9,32,1.2,13,1.6,18,0.5,6,0.1,1,0.52,0.6,0.18,False
1630558,Davion Mitchell,37,29.8,1103.4683333333332,9.1,338,2.5,92,7.4,273,1.2,44,0.1,4,0.474,0.396,0.136,False
1630549,Day'Ron Sharpe,36,17.8,641.7366666666667,7.7,276,6.3,225,2.4,86,1.0,37,0.5,18,0.597,0.214,0.18,False
1628368,De'Aaron Fox,30,32.5,976.46,20.7,621,4.2,125,5.8,175,1.3,40,0.3,8,0.464,0.324,0.258,False
1629631,De'Andre Hunter,36,27.0,970.4366666666666,13.9,502,4.3,156,2.1,77,0.6,23,0.1,5,0.425,0.303,0.211,False
1629001,De'Anthony Melton,15,20.7,310.365,9.7,146,2.5,38,1.8,27,1.5,23,0.5,8,0.398,0.277,0.218,False
201599,DeAndre Jordan,2,11.7,23.3,4.5,9,5.0,10,0.0,0,0.0,0,0.0,0,0.8,0.0,0.113,False
201942,DeMar DeRozan,40,33.3,1333.2583333333334,19.0,758,3.3,132,3.9,155,1.5,58,0.3,10,0.51,0.36,0.207,False
1629731,Dean Wade,34,22.6,769.9916666666667,5.8,197,4.0,137,1.6,54,0.7,24,0.4,13,0.396,0.325,0.1,False
1629028,Deandre Ayton,33,29.3,965.425,13.9,458,8.5,280,0.9,29,0.8,25,1.0,34,0.679,0.0,0.174,False
203471,Dennis Schröder,31,27.3,844.9983333333333,13.0,402,3.3,102,5.7,178,0.8,26,0.2,5,0.413,0.344,0.218,False
1641726,Dereck Lively II,7,16.5,115.27333333333333,4.3,30,5.3,37,1.9,13,0.6,4,1.6,11,0.611,0.0,0.113,False
1642852,Derik Queen,40,26.1,1045.8816666666667,12.8,513,7.4,294,4.3,173,1.1,43,1.0,40,0.496,0.179,0.224,False
1627884,Derrick Jones Jr.,17,24.2,411.22333333333336,10.4,176,2.6,45,1.2,20,0.8,13,1.1,18,0.556,0.4,0.147,False
1628401,Derrick White,38,34.3,1301.985,18.6,708,4.4,168,5.2,198,1.3,50,1.5,58,0.397,0.331,0.239,False
1630217,Desmond Bane,40,33.8,1353.045,19.2,768,4.6,182,4.5,181,0.8,32,0.5,20,0.452,0.338,0.232,False
1626164,Devin Booker,36,33.9,1220.7333333333333,25.3,910,3.9,141,6.4,231,0.9,33,0.3,12,0.458,0.306,0.297,False
1642269,Devin Carter,12,8.4,101.34333333333333,3.2,38,1.2,14,1.1,13,0.5,6,0.2,2,0.342,0.25,0.191,False
1630170,Devin Vassell,32,31.9,1020.12,15.0,480,4.0,129,2.4,77,0.9,29,0.5,15,0.422,0.379,0.184,False
1628415,Dillon Brooks,33,30.6,1011.1466666666666,21.2,699,3.3,109,1.8,59,1.2,38,0.1,2,0.456,0.356,0.276,False
1627734,Domantas Sabonis,11,33.2,365.03333333333336,17.2,189,12.3,135,3.7,41,1.2,13,0.2,2,0.51,0.2,0.224,False
1631230,Dominick Barlow,28,25.0,698.875,8.5,239,5.3,148,1.4,39,0.8,21,0.8,22,0.556,0.273,0.131,False
1642270,Donovan Clingan,36,27.2,980.0916666666667,11.1,398,10.7,386,1.9,68,0.5,18,1.4,50,0.538,0.324,0.143,False
1628378,Donovan Mitchell,37,33.8,1252.38,29.5,1092,4.7,173,5.5,203,1.5,55,0.3,10,0.492,0.386,0.315,False
1628978,Donte DiVincenzo,40,31.5,1260.1016666666667,13.4,537,4.5,180,4.1,165,1.3,53,0.5,18,0.418,0.377,0.167,False
1627827,Dorian Finney-Smith,9,15.5,139.16166666666666,2.8,25,2.9,26,0.6,5,0.2,2,0.2,2,0.258,0.269,0.111,False
203926,Doug McDermott,7,10.0,70.27,3.4,24,0.7,5,0.3,2,0.0,0,0.1,1,0.348,0.348,0.15,False
1642962,Drake Powell,27,18.3,495.2133333333333,6.0,162,1.6,42,1.6,43,0.6,16,0.2,5,0.46,0.305,0.147,False
203110,Draymond Green,33,27.0,891.955,8.6,283,5.9,194,5.5,180,0.9,29,0.7,24,0.427,0.336,0.164,False
1629234,Drew Eubanks,30,14.0,419.87,5.2,157,2.7,82,0.3,8,0.4,12,0.6,19,0.6,0.25,0.156,False
1641809,Drew Peterson,6,10.7,64.26833333333333,0.8,5,1.5,9,0.3,2,0.5,3,0.2,1,0.125,0.0,0.108,False
1631166,Drew Timme,4,3.0,11.868333333333334,0.5,2,0.8,3,0.8,3,0.3,1,0.0,0,0.333,0.0,0.133,False
1630696,Dru Smith,39,17.1,665.6566666666666,6.4,249,2.4,94,2.7,105,1.5,59,0.3,12,0.436,0.341,0.149,False
1629130,Duncan Robinson,36,29.1,1047.1083333333333,11.8,423,2.8,101,1.9,69,0.8,27,0.3,11,0.432,0.393,0.141,False
1641871,Duop Reath,28,7.5,208.68666666666667,2.8,78,1.0,27,0.3,9,0.2,5,0.2,6,0.459,0.455,0.133,False
203939,Dwight Powell,26,12.7,329.89,2.7,69,3.1,80,1.0,25,0.4,11,0.3,8,0.636,0.0,0.077,False
1642928,Dylan Cardwell,13,17.6,229.175,4.3,56,6.2,80,0.8,11,0.7,9,1.5,19,0.489,0.0,0.115,False
1642844,Dylan Harper,29,21.1,612.1583333333333,10.4,302,3.2,92,3.5,101,1.0,30,0.2,5,0.426,0.247,0.232,False
1630700,Dyson Daniels,40,34.2,1367.7316666666666,11.9,474,6.6,264,6.2,249,1.9,77,0.5,19,0.5,0.113,0.163,False
1630604,E.J. Liddell,8,4.4,35.18333333333333,1.8,14,1.1,9,0.0,0,0.0,0,0.0,0,0.417,0.25,0.143,False
1642856,Egor Dëmin,33,24.8,818.4283333333333,10.4,342,3.3,108,3.5,115,0.9,31,0.3,10,0.399,0.391,0.188,False
1641989,Elijah Harkless,7,9.4,65.79666666666667,2.4,17,0.9,6,0.7,5,0.6,4,0.0,0,0.364,0.286,0.116,False
1641801,Emanuel Miller,5,6.6,33.05,3.0,15,0.6,3,0.8,4,0.4,2,0.0,0,0.462,0.333,0.169,False
201569,Eric Gordon,6,12.3,73.75,5.5,33,0.3,2,0.5,3,0.7,4,0.2,1,0.571,0.571,0.137,False
1630679,Ethan Thompson,17,16.2,274.93833333333333,4.4,74,1.7,29,1.4,24,0.5,8,0.3,5,0.382,0.313,0.125,False
1630596,Evan Mobley,35,33.2,1160.815,17.9,628,8.6,300,4.1,143,1.0,34,1.8,63,0.513,0.328,0.217,False
1630532,Franz Wagner,24,33.4,801.195,22.7,545,6.1,146,3.7,88,1.2,28,0.4,9,0.49,0.36,0.251,False
1641713,GG Jackson,19,14.6,277.7866666666667,6.3,119,2.8,54,0.6,12,0.8,16,0.4,7,0.422,0.245,0.192,False
1629216,Gabe Vincent,17,20.7,352.5416666666667,5.1,87,0.9,16,1.5,25,0.5,8,0.1,1,0.354,0.375,0.106,False
202066,Garrett Temple,10,2.9,29.253333333333334,0.4,4,0.4,4,0.3,3,0.3,3,0.1,1,0.167,0.25,0.154,False
1629726,Garrison Mathews,15,13.1,196.1,5.2,78,1.1,17,0.7,10,0.4,6,0.2,3,0.404,0.37,0.134,False
203914,Gary Harris,29,14.4,419.0183333333333,2.7,79,1.5,43,1.0,29,0.6,18,0.2,5,0.5,0.485,0.072,False
1627780,Gary Payton II,37,12.5,463.735,4.9,182,3.3,122,1.6,61,0.5,20,0.4,13,0.542,0.275,0.164,False
1629018,Gary Trent Jr.,37,25.2,934.0966666666667,8.7,321,1.3,49,1.6,60,0.7,26,0.1,2,0.382,0.361,0.149,False
203507,Giannis Antetokounmpo,25,29.2,729.965,29.2,731,9.8,244,5.7,142,0.9,22,0.8,21,0.647,0.4,0.36,False
1629048,Goga Bitadze,36,17.0,613.0866666666667,6.1,220,5.3,192,1.3,46,0.8,30,1.3,45,0.689,0.2,0.114,False
1641711,Gradey Dick,41,15.5,637.3483333333334,6.0,246,1.9,76,0.7,27,0.7,28,0.1,5,0.397,0.301,0.16,False
1629684,Grant Williams,2,13.6,27.15,8.0,16,5.0,10,0.0,0,0.0,0,0.0,0,0.385,0.333,0.2,False
1628960,Grayson Allen,22,29.6,651.0733333333334,15.2,335,2.8,62,3.8,84,1.6,36,0.3,6,0.417,0.379,0.209,False
1627824,Guerschon Yabusele,32,9.9,315.8183333333333,3.3,104,2.2,70,0.5,15,0.1,3,0.1,4,0.413,0.345,0.145,False
1630611,Gui Santos,31,11.1,345.6116666666667,3.7,114,2.4,73,0.9,27,0.4,11,0.2,5,0.46,0.333,0.145,False
203084,Harrison Barnes,39,29.1,1133.2966666666666,11.5,448,3.1,122,2.2,86,0.8,32,0.1,4,0.441,0.373,0.156,False
1631127,Harrison Ingram,3,3.6,10.766666666666667,1.7,5,1.0,3,0.0,0,0.0,0,0.0,0,0.667,1.0,0.088,False
1630529,Herbert Jones,23,28.3,651.0566666666666,9.5,218,3.7,84,2.3,52,1.7,38,0.3,7,0.394,0.333,0.156,False
1642864,Hugo González,34,15.0,508.7816666666667,4.0,136,3.3,112,0.6,22,0.6,22,0.3,10,0.487,0.347,0.116,False
1630621,Hunter Dickinson,1,4.7,4.715,2.0,2,0.0,0,0.0,0,0.0,0,1.0,1,0.5,0.0,0.333,False
1642282,Hunter Sallis,7,3.7,25.673333333333332,1.0,7,0.1,1,0.6,4,0.0,0,0.1,1,0.6,0.0,0.169,False
1641816,Hunter Tyson,15,7.2,108.66666666666667,2.7,40,1.7,25,0.7,10,0.1,2,0.1,1,0.342,0.3,0.172,False
1630193,Immanuel Quickley,40,32.5,1300.4483333333333,16.5,660,4.2,168,6.1,244,1.2,46,0.1,5,0.423,0.347,0.213,False
1642403,Isaac Jones,4,4.6,18.233333333333334,1.3,5,0.5,2,0.3,1,0.0,0,0.0,0,0.5,0.0,0.119,False
1630171,Isaac Okoro,30,24.7,741.57,8.6,257,2.7,82,1.3,40,0.5,16,0.6,17,0.475,0.337,0.137,False
1642268,Isaiah Collier,31,23.1,714.925,8.6,266,2.3,72,6.7,207,0.7,21,0.4,11,0.511,0.341,0.171,False
1642384,Isaiah Crawford,2,2.3,4.616666666666666,0.0,0,0.0,0,0.0,0,0.0,0,0.0,0,0.0,0.0,0.1,False
1628392,Isaiah Hartenstein,24,26.9,644.54,11.2,269,10.4,249,3.0,71,1.1,27,0.8,18,0.644,0.0,0.163,False
1630543,Isaiah Jackson,29,18.3,529.5716666666667,7.3,212,5.9,171,0.8,24,0.7,21,0.8,24,0.585,0.0,0.153,False
1630198,Isaiah Joe,31,19.8,613.7766666666666,9.7,301,2.5,79,1.4,42,0.5,17,0.2,6,0.429,0.399,0.174,False
1630587,Isaiah Livers,20,10.5,210.75833333333333,2.3,45,2.0,40,0.7,13,0.4,8,0.3,6,0.375,0.345,0.095,False
1630191,Isaiah Stewart,34,23.7,805.0833333333334,10.4,355,5.6,192,1.1,38,0.3,9,2.1,70,0.539,0.373,0.165,False
1627826,Ivica Zubac,34,31.3,1064.155,14.8,504,10.7,364,2.4,83,0.4,14,1.0,33,0.606,0.0,0.188,False
1631120,JD Davison,16,5.6,90.39,1.6,25,0.4,6,0.9,15,0.3,4,0.1,2,0.45,0.4,0.135,False
1629630,Ja Morant,18,28.3,510.1666666666667,19.0,342,3.2,58,7.6,136,1.0,18,0.2,3,0.401,0.208,0.307,False
1642266,Ja'Kobe Walter,37,17.7,654.2566666666667,6.1,227,2.1,78,0.9,32,0.9,32,0.2,6,0.431,0.367,0.135,False
1631095,Jabari Smith Jr.,35,34.6,1212.32,15.0,525,6.9,241,1.9,66,0.8,27,0.8,28,0.432,0.344,0.178,False
1631133,Jabari Walker,36,12.8,459.985,4.1,149,3.3,119,0.5,17,0.2,7,0.3,10,0.437,0.265,0.135,False
1631210,Jacob Toppin,5,3.4,16.866666666666667,1.6,8,0.2,1,0.2,1,0.0,0,0.2,1,0.667,0.0,0.14,False
1630702,Jaden Hardy,27,11.4,307.895,6.4,173,1.3,36,0.6,16,0.2,6,0.1,2,0.411,0.389,0.229,False
1631093,Jaden Ivey,23,16.9,387.60333333333335,8.3,192,2.2,50,1.8,41,0.6,13,0.3,7,0.452,0.338,0.196,False
1630183,Jaden McDaniels,38,31.8,1210.23,14.7,559,4.4,167,2.6,100,1.1,43,0.9,34,0.518,0.407,0.179,False
1630256,Jae'Sean Tate,21,7.9,165.61,2.8,59,1.5,31,0.6,12,0.2,4,0.1,3,0.521,0.4,0.131,False
1642942,Jahmai Mashack,7,3.5,24.81,0.9,6,0.7,5,0.3,2,0.1,1,0.0,0,0.25,0.333,0.18,False
1642443,Jahmir Young,5,4.9,24.356666666666666,2.0,10,0.4,2,0.8,4,0.2,1,0.0,0,0.364,0.4,0.191,False
1643141,Jahmyl Telfort,8,4.0,32.03333333333333,0.1,1,0.4,3,0.1,1,0.1,1,0.0,0,0.0,0.0,0.093,False
1631170,Jaime Jaquez Jr.,36,28.7,1034.485,15.9,571,5.2,186,4.6,164,0.8,29,0.2,7,0.533,0.276,0.218,False
1631222,Jake LaRavia,37,27.1,1000.8933333333333,9.6,354,4.3,158,1.9,72,1.4,50,0.4,15,0.462,0.328,0.144,False
1627751,Jakob Poeltl,21,25.3,531.0966666666667,9.7,204,7.7,162,2.1,45,0.8,16,0.5,11,0.693,0.0,0.141,False
1628973,Jalen Brunson,36,35.3,1271.2516666666668,28.9,1041,3.3,120,6.3,227,0.7,26,0.1,3,0.481,0.389,0.307,False
1631105,Jalen Duren,31,28.4,880.4216666666666,17.9,555,10.6,330,1.7,53,0.9,29,0.9,28,0.633,0.0,0.222,False
1630224,Jalen Green,2,14.9,29.776666666666667,15.5,31,2.0,4,2.0,4,1.0,2,0.0,0,0.478,0.429,0.37,False
1630552,Jalen Johnson,37,35.4,1309.7883333333334,23.7,876,10.3,380,8.2,303,1.3,49,0.5,20,0.526,0.37,0.261,False
1629618,Jalen Pickett,24,15.8,380.3833333333333,5.5,131,2.5,59,2.3,55,0.3,6,0.1,3,0.459,0.417,0.148,False
1630188,Jalen Smith,31,17.6,547.0116666666667,9.0,278,6.4,197,1.3,39,0.4,11,0.9,27,0.466,0.345,0.191,False
1630591,Jalen Suggs,23,25.4,583.7333333333333,15.0,346,3.7,84,4.7,107,1.9,43,0.5,12,0.471,0.331,0.238,False
1631114,Jalen Williams,21,30.3,636.1483333333333,17.6,370,5.1,107,5.7,119,1.4,30,0.4,8,0.472,0.281,0.249,False
1630592,Jalen Wilson,26,13.6,354.39,5.0,130,1.1,28,0.5,12,0.3,9,0.1,2,0.383,0.352,0.156,False
1631288,Jamal Cain,16,7.4,118.64666666666666,2.9,46,0.8,13,0.3,5,0.3,4,0.1,1,0.371,0.278,0.163,False
1627750,Jamal Murray,35,35.5,1241.1783333333333,25.3,886,4.7,164,7.5,262,1.0,34,0.3,10,0.479,0.443,0.27,False
1642347,Jamal Shead,41,21.2,870.7933333333333,7.0,288,1.7,71,5.4,223,1.0,40,0.1,6,0.37,0.322,0.16,False
1631123,Jamaree Bouyea,19,14.7,279.6116666666667,7.6,145,2.1,39,1.7,33,0.6,12,0.4,7,0.562,0.41,0.177,False
201935,James Harden,36,35.5,1279.3216666666667,25.8,927,4.8,172,8.0,288,1.3,48,0.3,12,0.429,0.36,0.297,False
1630164,James Wiseman,4,14.6,58.461666666666666,3.3,13,2.0,8,0.8,3,0.0,0,0.3,1,0.6,0.0,0.114,False
1642364,Jamir Watkins,14,11.5,161.69333333333333,2.9,41,2.4,34,0.4,6,0.3,4,0.2,3,0.5,0.294,0.094,False
1642419,Jamison Battle,29,8.2,238.445,3.4,98,1.4,41,0.3,10,0.2,5,0.0,1,0.567,0.447,0.142,False
1641716,Jarace Walker,40,23.2,926.75,9.0,359,4.4,175,1.9,75,0.7,27,0.3,13,0.365,0.349,0.183,False
1642272,Jared McCain,29,17.5,508.2083333333333,6.3,184,2.3,66,1.7,48,0.8,22,0.0,1,0.352,0.323,0.18,False
1628991,Jaren Jackson Jr.,37,30.4,1125.16,18.5,685,5.6,207,1.9,71,0.9,33,1.5,55,0.479,0.361,0.243,False
1629020,Jarred Vanderbilt,28,20.2,565.88,5.1,143,5.4,151,1.4,38,0.9,24,0.3,9,0.461,0.32,0.12,False
1628386,Jarrett Allen,29,26.5,767.4083333333333,13.7,396,8.0,231,2.2,63,1.0,30,0.7,21,0.59,0.143,0.191,False
1642859,Jase Richardson,28,11.8,329.835,5.9,164,1.4,39,1.3,36,0.3,8,0.1,2,0.504,0.429,0.181,False
1642914,Javon Small,14,12.5,175.63166666666666,4.3,60,1.4,20,3.3,46,0.3,4,0.1,2,0.339,0.323,0.179,False
1631451,Javonte Cooke,5,6.1,30.651666666666667,1.4,7,0.6,3,1.0,5,0.2,1,0.0,0,0.25,0.2,0.188,False
1629750,Javonte Green,38,19.9,755.05,7.2,275,2.8,108,0.8,32,1.4,54,0.4,14,0.439,0.351,0.141,False
1629637,Jaxson Hayes,32,17.6,562.8683333333333,6.3,203,4.0,128,0.9,28,0.4,12,0.6,18,0.766,1.0,0.11,False
1630643,Jay Huff,40,20.0,800.2616666666667,8.4,337,3.7,148,1.4,54,0.4,17,2.1,85,0.451,0.316,0.168,False
1627759,Jaylen Brown,36,34.2,1232.72,29.5,1062,6.4,232,5.0,181,1.0,36,0.4,14,0.495,0.376,0.356,False
1641740,Jaylen Clark,37,14.1,522.45,4.4,162,1.9,69,0.5,20,0.8,29,0.2,6,0.434,0.298,0.126,False
1642377,Jaylen Wells,39,27.5,1071.66,12.0,469,3.5,138,1.8,71,0.9,35,0.1,3,0.406,0.325,0.181,False
1631119,Jaylin Williams,26,18.2,472.5316666666667,5.6,146,4.7,123,2.4,62,0.7,18,0.5,13,0.354,0.298,0.152,False
1642281,Jaylon Tyson,36,27.0,971.7316666666667,12.8,460,5.3,191,1.9,70,1.0,37,0.5,19,0.514,0.45,0.172,False
201145,Jeff Green,14,4.5,62.666666666666664,2.1,29,0.4,6,0.1,2,0.0,0,0.1,1,0.478,0.438,0.162,False
203924,Jerami Grant,26,30.4,789.1,20.0,519,4.0,105,2.7,69,0.7,19,0.6,16,0.436,0.389,0.237,False
1642847,Jeremiah Fears,41,26.7,1096.15,14.4,592,3.6,148,3.1,129,1.3,52,0.2,9,0.441,0.336,0.245,False
1630526,Jeremiah Robinson-Earl,17,17.6,299.56666666666666,4.6,79,5.2,88,0.7,12,0.4,7,0.1,1,0.349,0.242,0.13,False
1631110,Jeremy Sochan,24,14.1,338.465,4.7,112,3.0,71,1.2,28,0.4,10,0.2,4,0.484,0.273,0.145,False
1630579,Jericho Sims,28,14.9,417.5833333333333,3.2,89,3.9,109,0.6,18,0.2,6,0.2,5,0.837,0.0,0.085,False
1641724,Jett Howard,27,10.7,290.15,4.6,125,1.4,39,0.9,23,0.1,4,0.1,4,0.368,0.329,0.175,False
1628975,Jevon Carter,19,11.9,226.80166666666668,5.7,108,1.1,21,0.9,18,0.6,11,0.0,0,0.398,0.424,0.185,False
202710,Jimmy Butler III,35,31.5,1102.4433333333334,19.9,695,5.5,194,4.9,172,1.5,51,0.2,8,0.509,0.38,0.225,False
1642866,Joan Beringer,14,4.3,60.335,2.1,30,1.5,21,0.0,0,0.1,2,0.4,5,0.7,0.0,0.147,False
1629111,Jock Landale,37,22.6,836.6166666666667,11.1,412,6.3,232,1.7,62,0.5,19,0.5,17,0.518,0.393,0.181,False
204060,Joe Ingles,12,3.8,46.138333333333335,0.6,7,0.3,3,0.8,10,0.3,4,0.0,0,0.4,0.25,0.064,False
203954,Joel Embiid,20,29.5,590.345,23.7,474,7.1,142,3.3,66,0.7,13,1.2,24,0.472,0.229,0.333,False
1628381,John Collins,38,27.5,1044.425,13.1,496,5.0,190,0.8,32,0.9,34,0.9,35,0.546,0.412,0.18,False
1629723,John Konchar,23,12.7,291.27,2.9,67,2.6,60,1.2,27,0.9,20,0.3,7,0.5,0.31,0.085,False
1641780,Johni Broome,7,5.7,39.745,1.4,10,1.9,13,0.6,4,0.3,2,0.0,0,0.2,0.0,0.24,False
1642277,Johnny Furphy,22,16.0,350.9716666666667,5.0,111,3.5,78,0.6,14,0.5,12,0.0,1,0.531,0.359,0.122,False
1630548,Johnny Juzang,15,3.6,53.94166666666667,2.3,34,0.7,11,0.3,4,0.1,2,0.0,0,0.448,0.278,0.228,False
202685,Jonas Valančiūnas,33,13.3,438.41833333333335,8.5,280,4.7,154,1.2,41,0.2,7,0.6,20,0.593,0.25,0.258,False
1628371,Jonathan Isaac,34,10.4,353.15166666666664,3.0,102,2.8,94,0.3,9,0.4,13,0.5,18,0.449,0.2,0.123,False
1630228,Jonathan Kuminga,18,24.8,445.565,11.8,212,6.2,111,2.6,46,0.3,5,0.3,6,0.431,0.32,0.238,False
1642367,Jonathan Mogbo,15,5.5,83.08666666666667,1.4,21,1.3,19,0.6,9,0.1,2,0.2,3,0.625,0.0,0.087,False
203903,Jordan Clarkson,39,20.1,782.18,9.9,387,1.8,70,1.4,54,0.4,17,0.1,5,0.436,0.346,0.207,False
1630692,Jordan Goodwin,36,21.7,779.8933333333333,9.1,327,4.6,167,2.3,81,1.4,50,0.2,6,0.395,0.345,0.191,False
1641722,Jordan Hawkins,31,13.9,431.97,4.4,136,1.6,50,0.7,22,0.2,5,0.2,6,0.325,0.309,0.167,False
1629162,Jordan McLaughlin,15,6.5,97.45,2.7,41,0.7,10,0.9,13,0.5,8,0.0,0,0.5,0.412,0.15,False
1641757,Jordan Miller,18,14.9,267.75333333333333,6.7,121,2.6,46,1.1,19,0.3,5,0.2,3,0.506,0.429,0.179,False
1629673,Jordan Poole,22,26.8,590.5916666666667,15.5,342,1.6,36,3.4,74,0.7,16,0.4,9,0.373,0.328,0.238,False
1641775,Jordan Walsh,34,19.5,662.555,6.3,214,4.7,159,0.9,30,1.0,33,0.5,16,0.559,0.443,0.114,False
1630631,Jose Alvarado,35,22.2,775.8633333333333,7.9,277,2.8,98,3.3,114,1.0,35,0.1,4,0.424,0.361,0.155,False
1630581,Josh Giddey,30,32.8,983.5166666666667,19.2,577,8.9,268,9.0,270,0.9,28,0.4,11,0.466,0.386,0.251,False
1630182,Josh Green,16,16.0,256.49,4.8,77,1.8,28,1.0,16,0.6,10,0.0,0,0.438,0.38,0.113,False
1628404,Josh Hart,29,30.3,879.71,12.4,361,7.9,228,5.1,148,1.4,40,0.3,9,0.496,0.398,0.169,False
1631169,Josh Minott,29,17.6,510.3566666666667,6.3,184,4.0,115,1.1,32,0.8,24,0.4,11,0.504,0.438,0.133,False
1629006,Josh Okogie,36,19.3,696.4866666666667,5.7,205,2.8,100,1.0,35,0.9,34,0.2,6,0.436,0.391,0.126,False
201950,Jrue Holiday,13,32.1,417.01166666666666,16.0,208,5.0,65,7.9,103,1.5,20,0.2,3,0.439,0.371,0.209,False
1630577,Julian Champagnie,39,28.3,1104.2716666666668,11.2,437,6.2,242,1.5,58,0.9,34,0.4,16,0.418,0.362,0.149,False
1641763,Julian Phillips,28,10.2,284.9033333333333,3.0,83,1.4,39,0.3,7,0.5,15,0.2,6,0.432,0.326,0.118,False
1631124,Julian Strawther,20,9.4,187.67166666666665,3.4,68,1.3,25,0.7,14,0.1,1,0.1,1,0.338,0.179,0.192,False
203944,Julius Randle,40,33.4,1337.9416666666666,22.0,881,7.1,284,5.7,227,1.1,42,0.2,6,0.489,0.33,0.256,False
1630551,Justin Champagnie,36,17.6,634.3333333333334,6.8,243,5.5,199,1.0,37,0.7,26,0.6,21,0.492,0.313,0.144,False
1642348,Justin Edwards,30,15.2,454.61833333333334,4.9,148,1.6,49,1.2,36,0.7,20,0.2,7,0.364,0.33,0.149,False
203994,Jusuf Nurkić,32,25.9,829.9516666666667,10.4,334,10.0,320,4.3,138,1.4,45,0.4,14,0.506,0.36,0.18,False
1642354,KJ Simpson,14,15.9,223.12666666666667,6.0,84,2.1,29,2.5,35,1.1,15,0.0,0,0.348,0.308,0.222,False
1642880,Kam Jones,9,5.8,52.25666666666667,2.1,19,0.4,4,0.7,6,0.2,2,0.0,0,0.529,0.167,0.144,False
1626157,Karl-Anthony Towns,36,32.3,1164.1783333333333,21.2,764,11.4,412,3.0,109,0.8,29,0.7,24,0.471,0.355,0.253,False
1631255,Karlo Matković,28,12.2,341.4433333333333,5.0,140,3.1,88,0.8,21,0.3,7,0.8,21,0.635,0.393,0.139,False
1642857,Kasparas Jakučionis,14,12.8,179.40333333333334,3.7,52,1.7,24,1.1,15,0.6,8,0.0,0,0.313,0.444,0.132,False
202695,Kawhi Leonard,29,33.9,983.0716666666667,28.1,814,6.4,185,3.4,100,2.2,63,0.7,19,0.501,0.386,0.312,False
1630811,Keaton Wallace,34,12.4,422.81333333333333,4.2,144,1.3,43,2.2,76,0.6,20,0.1,4,0.427,0.423,0.151,False
1631099,Keegan Murray,19,35.9,683.0466666666666,14.6,277,6.1,116,1.5,29,1.2,23,1.6,30,0.429,0.272,0.183,False
1642276,Kel'el Ware,39,24.7,963.415,11.9,465,10.2,397,0.5,21,0.9,35,1.2,47,0.546,0.418,0.164,False
1629640,Keldon Johnson,39,23.7,923.7233333333334,13.7,534,6.4,249,1.3,49,0.7,26,0.1,3,0.571,0.424,0.19,False
203482,Kelly Olynyk,24,10.1,241.995,3.8,91,2.2,52,1.4,34,0.5,11,0.0,1,0.477,0.257,0.154,False
1626162,Kelly Oubre Jr.,16,32.3,516.2766666666666,13.9,223,4.9,79,1.1,17,1.2,19,0.9,14,0.474,0.329,0.173,False
1629026,Kenrich Williams,20,13.8,276.065,5.7,113,3.0,59,1.6,31,0.7,14,0.1,1,0.523,0.405,0.158,False
203484,Kentavious Caldwell-Pope,38,21.3,809.985,8.5,324,2.4,92,3.0,113,0.8,31,0.2,7,0.411,0.356,0.17,False
1631165,Keon Ellis,38,17.6,670.4316666666666,5.4,206,1.4,52,0.6,23,1.2,44,0.5,19,0.386,0.36,0.133,False
1642352,Keshad Johnson,17,8.1,138.24833333333333,3.1,52,2.0,34,0.1,1,0.3,5,0.2,4,0.38,0.25,0.16,False
201142,Kevin Durant,34,36.3,1234.21,26.1,887,5.3,179,4.5,152,0.6,22,1.0,34,0.521,0.405,0.258,False
1628989,Kevin Huerter,33,24.3,801.0983333333334,11.8,388,3.8,124,2.5,82,0.8,28,0.6,20,0.461,0.307,0.193,False
201567,Kevin Love,23,17.3,398.8333333333333,7.2,166,5.4,125,1.9,43,0.3,7,0.3,7,0.403,0.354,0.169,False
1641755,Kevin McCullar Jr.,10,8.6,85.64666666666666,2.8,28,2.0,20,1.5,15,0.4,4,0.0,0,0.435,0.429,0.161,False
1629645,Kevin Porter Jr.,20,34.7,693.1083333333333,18.2,364,5.3,105,7.7,154,2.3,45,0.4,8,0.458,0.367,0.237,False
1626172,Kevon Looney,16,14.2,226.51,2.6,42,5.0,80,1.6,25,0.4,6,0.5,8,0.4,0.111,0.101,False
1641718,Keyonte George,38,34.4,1305.69,23.8,905,4.2,160,6.9,263,1.0,38,0.3,11,0.454,0.372,0.271,False
1642863,Khaman Maluach,18,4.7,84.2,1.3,23,1.0,18,0.2,3,0.1,1,0.4,7,0.4,0.0,0.156,False
203114,Khris Middleton,26,24.0,623.775,9.3,241,3.9,102,3.2,83,0.8,20,0.3,8,0.429,0.288,0.176,False
202691,Klay Thompson,37,22.2,820.2716666666666,11.4,422,2.5,93,1.3,49,0.4,15,0.3,12,0.376,0.367,0.209,False
1641738,Kobe Brown,26,9.4,244.95,3.0,77,1.7,43,0.8,22,0.3,7,0.1,2,0.368,0.238,0.156,False
1642920,Kobe Sanders,31,19.7,610.31,6.2,192,2.4,73,1.5,48,0.6,18,0.1,4,0.431,0.364,0.151,False
1642886,Koby Brea,2,3.9,7.816666666666666,2.0,4,0.5,1,1.0,2,0.0,0,0.0,0,0.333,0.0,0.182,False
1642851,Kon Knueppel,39,32.5,1269.0416666666667,19.1,743,5.1,199,3.6,140,0.7,27,0.2,8,0.48,0.425,0.216,False
1627739,Kris Dunn,39,27.2,1059.1083333333333,8.0,311,2.8,111,3.1,119,1.5,57,0.2,6,0.482,0.364,0.131,False
1631200,Kris Murray,34,25.7,874.2,6.1,207,4.0,136,1.2,42,1.2,40,0.4,14,0.446,0.256,0.1,False
204001,Kristaps Porziņģis,17,24.3,413.09833333333336,17.1,291,5.1,87,2.7,46,0.5,9,1.3,22,0.457,0.36,0.259,False
203937,Kyle Anderson,12,20.1,240.67166666666665,7.6,91,3.5,42,2.8,33,1.5,18,0.4,5,0.486,0.5,0.167,False
1642271,Kyle Filipowski,38,21.8,827.1583333333333,9.0,341,6.0,229,1.9,74,0.6,22,0.5,19,0.455,0.313,0.174,False
1628398,Kyle Kuzma,37,26.1,966.3033333333333,12.8,473,4.8,177,2.2,81,0.7,25,0.5,18,0.51,0.323,0.206,False
200768,Kyle Lowry,6,7.4,44.57333333333333,1.0,6,0.5,3,1.2,7,0.2,1,0.0,0,0.25,0.25,0.088,False
1642273,Kyshawn George,29,31.4,909.5783333333334,14.7,425,5.5,160,4.9,143,1.0,29,0.9,26,0.459,0.405,0.207,False
1630163,LaMelo Ball,30,27.9,836.9233333333333,20.1,602,5.2,155,7.7,231,1.2,36,0.2,6,0.415,0.37,0.311,False
1642950,Lachlan Olbrich,8,8.3,66.23333333333333,0.5,4,2.4,19,0.9,7,0.0,0,0.0,0,0.222,0.0,0.089,False
1629013,Landry Shamet,15,20.9,313.815,9.3,139,2.0,30,1.2,18,0.4,6,0.2,3,0.452,0.424,0.144,False
1626204,Larry Nance Jr.,16,15.0,240.37,3.6,57,2.8,45,1.3,20,0.6,9,0.3,4,0.354,0.303,0.13,False
1628374,Lauri Markkanen,33,36.0,1187.2133333333334,27.9,922,7.2,237,2.2,71,1.0,34,0.5,16,0.483,0.365,0.266,False
2544,LeBron James,20,33.3,665.8183333333334,22.0,439,5.5,110,6.8,135,1.1,22,0.6,11,0.508,0.304,0.267,False
1631159,Leonard Miller,15,4.8,72.035,2.5,37,1.3,20,0.3,4,0.2,3,0.0,0,0.552,0.1,0.197,False
1642862,Liam McNeeley,27,12.4,335.92,4.3,115,2.2,59,0.9,23,0.2,5,0.1,3,0.395,0.379,0.14,False
1630322,Lindy Waters III,22,6.8,148.53333333333333,2.1,46,0.9,19,0.4,9,0.2,4,0.0,0,0.372,0.342,0.119,False
1628366,Lonzo Ball,27,22.4,605.2583333333333,5.0,136,4.1,110,4.4,118,1.3,36,0.3,8,0.304,0.264,0.131,False
1629652,Luguentz Dort,31,26.9,834.2216666666667,8.2,255,3.7,114,1.0,32,0.9,29,0.6,18,0.384,0.324,0.132,False
1629029,Luka Dončić,30,36.5,1095.3983333333333,33.6,1009,8.0,239,8.7,262,1.7,50,0.5,16,0.465,0.32,0.369,False
1630568,Luka Garza,31,16.3,505.51666666666665,7.5,232,4.4,135,0.9,29,0.4,11,0.5,16,0.618,0.512,0.141,False
1628379,Luke Kennard,36,20.5,738.0816666666667,7.9,283,1.9,68,2.3,83,0.8,28,0.1,2,0.521,0.475,0.129,False
1628436,Luke Kornet,31,24.8,768.2816666666666,8.2,255,6.9,214,2.0,62,0.4,12,1.3,41,0.669,0.0,0.101,False
1631247,Luke Travers,12,8.6,103.09166666666667,2.3,28,2.0,24,0.8,9,0.6,7,0.3,4,0.25,0.063,0.161,False
1630644,Mac McClung,3,11.3,33.89,6.3,19,1.3,4,0.3,1,1.7,5,0.3,1,0.389,0.2,0.216,False
1631103,Malaki Branham,22,9.7,212.77833333333334,3.9,86,1.6,36,1.0,21,0.4,8,0.1,3,0.435,0.28,0.167,False
1628370,Malik Monk,32,21.9,702.1983333333334,11.9,380,2.0,64,2.4,76,0.8,24,0.4,12,0.438,0.423,0.225,False
1631204,Marcus Sasser,10,8.8,88.38333333333334,5.2,52,1.1,11,1.9,19,0.6,6,0.2,2,0.5,0.478,0.199,False
203935,Marcus Smart,28,28.4,795.335,9.1,256,3.0,85,2.9,82,1.5,41,0.4,10,0.387,0.297,0.154,False
1641813,Mark Sears,7,3.7,26.081666666666667,3.1,22,0.3,2,0.3,2,0.0,0,0.0,0,0.462,0.5,0.344,False
1631109,Mark Williams,34,23.8,808.0066666666667,12.3,417,8.2,278,1.1,36,1.1,37,0.9,32,0.661,1.0,0.164,False
1628963,Marvin Bagley III,32,19.2,613.2066666666667,9.9,316,5.5,175,1.5,48,0.5,17,0.7,23,0.624,0.438,0.178,False
203486,Mason Plumlee,14,8.9,124.51666666666667,1.9,26,2.9,40,1.1,16,0.4,6,0.0,0,0.75,0.0,0.084,False
1641824,Matas Buzelis,38,27.7,1053.8433333333332,14.9,565,5.3,200,1.7,64,0.8,29,1.4,54,0.485,0.349,0.208,False
1629680,Matisse Thybulle,4,12.2,48.766666666666666,5.0,20,1.0,4,0.8,3,2.5,10,0.0,0,0.6,0.667,0.102,False
1631108,Max Christie,38,29.0,1102.5616666666667,12.3,466,3.5,132,2.1,81,0.5,18,0.4,14,0.477,0.441,0.153,False
1628467,Maxi Kleber,19,11.0,209.65666666666667,1.6,30,1.7,32,0.7,13,0.3,5,0.3,5,0.281,0.2,0.091,False
1642875,Maxime Raynaud,32,23.5,753.0533333333333,10.5,335,6.5,207,1.1,35,0.4,13,0.5,17,0.561,0.32,0.174,False
1642877,Micah Peavy,35,15.7,550.8883333333333,4.6,162,2.1,75,1.1,40,0.6,21,0.1,5,0.391,0.242,0.141,False
1630695,Micah Potter,10,17.8,178.37333333333333,8.4,84,3.7,37,1.4,14,0.2,2,0.3,3,0.51,0.455,0.151,False
1629008,Michael Porter Jr.,30,33.1,994.3283333333334,25.9,778,7.5,225,3.4,101,1.1,32,0.2,7,0.491,0.404,0.29,False
1628969,Mikal Bridges,39,34.9,1360.7266666666667,15.9,621,4.7,183,4.4,171,1.6,63,0.9,35,0.508,0.401,0.167,False
201144,Mike Conley,34,18.3,623.2283333333334,4.9,167,1.7,58,3.0,101,0.6,20,0.2,7,0.361,0.354,0.112,False
1628970,Miles Bridges,39,33.4,1302.06,19.5,761,6.4,251,3.7,143,0.5,21,0.5,21,0.443,0.333,0.234,False
1642939,Miles Kelly,4,9.2,36.85,3.0,12,1.8,7,0.5,2,0.0,0,0.0,0,0.625,0.4,0.111,False
1630540,Miles McBride,28,27.8,778.0366666666666,12.7,356,2.4,68,2.4,68,0.8,21,0.2,6,0.445,0.439,0.163,False
1629011,Mitchell Robinson,27,19.4,523.4516666666667,4.5,122,8.9,241,1.1,31,0.9,24,1.1,31,0.654,0.0,0.089,False
1628964,Mo Bamba,2,2.9,5.85,0.0,0,1.0,2,0.0,0,0.0,0,0.5,1,0.0,0.0,0.118,False
1642885,Mohamed Diawara,31,5.1,157.00166666666667,1.8,57,0.9,27,0.5,14,0.3,8,0.1,4,0.4,0.4,0.164,False
1628420,Monte Morris,6,10.8,64.61666666666666,3.0,18,1.2,7,1.5,9,0.2,1,0.2,1,0.35,0.25,0.141,False
1629021,Moritz Wagner,1,9.8,9.816666666666666,8.0,8,2.0,2,2.0,2,0.0,0,0.0,0,0.429,0.0,0.259,False
1630541,Moses Moody,38,24.4,925.4733333333334,10.2,388,3.1,118,1.5,57,0.9,36,0.6,24,0.404,0.364,0.169,False
1631243,Mouhamed Gueye,39,15.9,619.025,4.7,183,3.5,138,0.9,36,0.7,26,0.6,24,0.459,0.258,0.131,False
1630619,Moussa Cisse,22,10.5,231.34333333333333,3.0,66,3.9,85,0.1,3,0.4,8,1.0,23,0.605,0.0,0.126,False
1631217,Moussa Diabaté,37,24.3,898.475,8.2,302,8.4,312,1.5,54,0.8,29,1.0,38,0.62,0.0,0.119,False
1626167,Myles Turner,39,28.5,1110.3366666666666,12.4,483,5.3,208,1.6,61,0.7,26,1.5,60,0.422,0.387,0.179,False
1642066,Myron Gardner,13,5.2,67.51333333333334,2.2,28,1.5,19,0.4,5,0.4,5,0.1,1,0.385,0.286,0.151,False
1642368,N'Faly Dante,4,3.9,15.416666666666666,0.8,3,1.8,7,0.0,0,0.5,2,0.0,0,0.25,0.0,0.119,False
1641772,Nae'Qwan Tomlin,30,15.3,459.93833333333333,6.3,189,2.9,87,0.7,22,0.7,21,0.7,22,0.484,0.255,0.163,False
1630230,Naji Marshall,40,28.7,1148.1683333333333,13.6,543,4.6,182,2.8,110,1.1,43,0.1,4,0.54,0.31,0.17,False
1629675,Naz Reid,40,26.5,1059.245,14.5,580,6.3,252,2.4,96,0.9,36,0.9,36,0.464,0.382,0.214,False
1629674,Neemias Queta,37,24.8,918.8033333333333,10.1,375,8.2,305,1.4,52,0.8,30,1.2,46,0.656,0.0,0.146,False
1629651,Nic Claxton,35,29.7,1040.97,13.1,460,7.5,263,4.1,145,0.7,25,1.3,47,0.583,0.167,0.176,False
1630208,Nick Richards,27,9.4,253.54,3.3,89,3.4,91,0.3,8,0.1,4,0.5,14,0.493,0.0,0.171,False
1641733,Nick Smith Jr.,19,14.9,283.1383333333333,6.6,126,0.9,18,1.2,22,0.4,8,0.1,2,0.417,0.387,0.197,False
1629638,Nickeil Alexander-Walker,39,32.9,1284.5816666666667,20.6,802,3.6,139,3.3,128,1.1,43,0.6,23,0.445,0.372,0.242,False
201587,Nicolas Batum,38,20.6,783.5816666666667,4.9,186,2.5,95,0.8,31,0.8,32,0.4,15,0.414,0.413,0.095,False
1628502,Nigel Hayes-Davis,23,7.8,180.24666666666667,1.4,33,1.3,29,0.3,7,0.3,7,0.0,1,0.349,0.133,0.115,False
203999,Nikola Jokić,32,34.6,1105.94,29.6,948,12.2,389,11.0,351,1.4,44,0.8,24,0.605,0.435,0.292,False
1631107,Nikola Jović,28,20.2,564.4833333333333,9.0,252,3.9,108,3.0,83,0.7,20,0.4,12,0.392,0.309,0.201,False
202696,Nikola Vučević,37,30.5,1128.6633333333334,16.5,610,9.3,345,3.6,134,0.7,26,0.5,18,0.502,0.386,0.213,False
1642363,Nique Clifford,36,18.7,674.7166666666667,5.4,195,2.7,98,1.3,45,0.6,23,0.3,9,0.404,0.309,0.146,False
1642855,Noa Essengue,2,3.0,6.033333333333333,0.0,0,0.0,0,0.0,0,0.5,1,0.0,0,0.0,0.0,0.188,False
1641730,Noah Clowney,37,28.5,1053.2733333333333,13.2,489,3.9,143,1.9,69,0.8,30,0.8,31,0.387,0.317,0.209,False
1642869,Noah Penda,25,14.0,349.605,4.8,120,4.1,103,1.2,29,0.5,13,0.4,11,0.44,0.447,0.146,False
1642849,Nolan Traore,17,16.3,276.75666666666666,4.4,74,1.1,19,2.6,44,0.5,8,0.3,5,0.322,0.256,0.169,False
1626181,Norman Powell,33,30.8,1015.31,23.8,784,3.7,122,2.7,88,1.3,42,0.2,7,0.482,0.415,0.266,False
1628384,OG Anunoby,29,32.6,946.4566666666667,15.6,452,5.6,161,2.1,61,1.7,50,0.7,20,0.459,0.364,0.191,False
1630167,Obi Toppin,3,27.4,82.15666666666667,14.0,42,6.7,20,1.7,5,1.0,3,0.0,0,0.417,0.176,0.232,False
1630534,Ochai Agbaji,32,15.3,489.8233333333333,4.2,133,2.4,77,0.8,25,0.4,14,0.2,7,0.425,0.163,0.125,False
1641765,Olivier-Maxence Prosper,20,11.3,225.74833333333333,4.8,95,2.3,45,0.8,15,0.2,4,0.1,1,0.484,0.318,0.153,False
1630168,Onyeka Okongwu,39,31.9,1242.5416666666667,16.3,634,7.9,307,3.4,133,1.2,45,1.0,38,0.484,0.368,0.198,False
1631115,Orlando Robinson,4,6.2,24.816666666666666,1.8,7,1.0,4,0.8,3,0.3,1,0.0,0,0.6,0.5,0.081,False
1631131,Oscar Tshiebwe,1,14.8,14.783333333333333,2.0,2,6.0,6,1.0,1,1.0,1,0.0,0,0.25,0.0,0.108,False
1642345,Oso Ighodaro,39,19.6,764.5566666666666,5.3,207,4.4,172,1.8,70,0.9,35,0.6,22,0.622,0.0,0.116,False
1631172,Ousmane Dieng,18,12.2,220.435,4.3,77,1.7,30,0.9,16,0.1,1,0.3,5,0.452,0.455,0.143,False
1629023,P.J. Washington,30,31.4,941.405,14.7,442,7.4,223,1.9,56,1.0,31,1.4,43,0.46,0.317,0.202,False
1641790,PJ Hall,15,10.3,153.925,4.6,69,3.5,52,0.5,7,0.1,1,0.6,9,0.591,0.6,0.168,False
1642359,Pacôme Dadiet,14,3.2,44.325,0.4,6,0.8,11,0.4,6,0.1,2,0.0,0,0.125,0.0,0.085,False
1631094,Paolo Banchero,30,33.7,1012.1366666666667,20.9,627,8.7,260,4.9,147,0.6,18,0.7,22,0.453,0.252,0.271,False
1627783,Pascal Siakam,39,33.8,1318.3666666666666,23.5,916,6.8,267,3.8,150,1.3,50,0.4,17,0.484,0.37,0.282,False
1626192,Pat Connaughton,17,7.7,131.02166666666668,3.2,55,1.5,25,0.5,9,0.3,5,0.1,1,0.5,0.4,0.143,False
1630311,Pat Spencer,25,15.1,377.46666666666664,6.1,153,2.2,54,3.2,81,0.7,17,0.0,1,0.406,0.364,0.193,False
1630172,Patrick Williams,36,18.5,666.6366666666667,6.5,234,2.9,106,1.1,41,0.8,28,0.3,10,0.373,0.397,0.162,False
202331,Paul George,21,29.8,626.04,15.9,334,5.3,112,3.6,75,1.3,28,0.6,12,0.41,0.368,0.225,False
1630194,Paul Reed,30,12.2,367.1766666666667,5.9,176,4.3,129,1.3,38,0.9,27,0.6,19,0.589,0.35,0.184,False
1630202,Payton Pritchard,39,32.9,1281.535,17.0,662,4.5,175,5.3,207,0.9,34,0.1,4,0.448,0.338,0.207,False
1641796,Pelle Larsson,31,22.2,687.1316666666667,9.4,292,2.7,83,3.2,98,0.6,18,0.3,8,0.462,0.344,0.166,False
1631250,Pete Nance,9,3.5,31.538333333333334,2.0,18,0.8,7,0.1,1,0.0,0,0.0,0,0.5,0.444,0.213,False
1631212,Peyton Watson,37,29.1,1075.1733333333334,13.2,488,5.0,184,1.8,65,1.0,37,1.0,38,0.503,0.413,0.183,False
1630173,Precious Achiuwa,33,20.2,667.7583333333333,7.1,235,5.3,174,1.2,38,0.8,28,0.5,17,0.492,0.314,0.149,False
1629656,Quentin Grimes,36,31.9,1147.105,14.2,511,3.9,139,3.9,139,1.0,36,0.5,18,0.439,0.361,0.178,False
1631245,Quenton Jackson,17,15.6,265.62833333333333,6.9,118,1.8,31,1.9,33,0.6,10,0.2,3,0.452,0.355,0.184,False
1642366,Quinten Post,40,18.2,726.115,8.1,322,3.9,157,1.5,58,0.5,21,0.6,22,0.44,0.344,0.18,False
1629628,RJ Barrett,23,30.4,698.155,19.6,451,5.0,116,3.7,84,0.8,19,0.2,4,0.496,0.355,0.251,False
1642853,Rasheer Fleming,23,7.2,164.72833333333332,2.7,63,1.3,30,0.2,4,0.3,6,0.3,6,0.348,0.2,0.182,False
1642484,RayJ Dennis,14,12.3,171.78333333333333,4.6,64,1.6,23,1.9,26,0.2,3,0.3,4,0.306,0.316,0.203,False
1641712,Rayan Rupert,33,10.6,349.54,2.2,71,1.7,55,0.6,20,0.3,10,0.1,2,0.337,0.25,0.114,False
1642263,Reed Sheppard,36,25.5,918.5416666666666,13.1,470,2.7,97,3.3,119,1.5,53,0.6,21,0.446,0.404,0.196,False
1642434,Riley Minix,3,2.8,8.266666666666667,3.0,9,0.7,2,0.3,1,0.3,1,0.0,0,0.667,0.333,0.222,False
1642265,Rob Dillingham,31,9.8,303.78833333333336,3.6,111,1.2,37,1.8,57,0.5,17,0.1,3,0.339,0.345,0.22,False
1629057,Robert Williams III,27,15.7,424.99833333333333,5.8,156,5.9,160,1.0,28,0.6,16,1.3,34,0.707,0.2,0.117,False
1631199,Ron Harper Jr.,4,5.1,20.2,2.0,8,0.8,3,1.0,4,0.3,1,0.5,2,0.3,0.25,0.189,False
1641842,Ronald Holland II,36,21.0,755.8933333333333,8.4,302,4.2,152,1.4,50,1.4,49,0.4,13,0.41,0.242,0.183,False
1626220,Royce O'Neale,39,29.4,1147.545,10.5,411,5.1,199,2.8,109,1.3,49,0.3,13,0.435,0.424,0.14,False
203497,Rudy Gobert,40,31.7,1267.6916666666666,11.0,440,11.4,454,1.8,73,0.6,25,1.7,66,0.717,0.0,0.121,False
1629060,Rui Hachimura,27,32.5,877.0616666666666,12.7,344,3.8,102,0.9,24,0.6,16,0.2,6,0.521,0.445,0.143,False
201566,Russell Westbrook,40,29.3,1171.2383333333332,14.7,588,6.5,259,6.9,275,1.4,55,0.2,7,0.424,0.345,0.246,False
1642346,Ryan Dunn,32,21.8,697.075,6.9,220,4.8,155,1.8,58,1.0,33,0.6,18,0.444,0.302,0.146,False
1641750,Ryan Kalkbrenner,28,25.1,701.42,8.6,240,6.3,176,0.6,16,0.6,18,1.8,49,0.779,0.0,0.107,False
1642948,Ryan Nembhard,27,20.6,557.5166666666667,7.7,208,1.8,49,5.1,139,0.2,6,0.0,0,0.473,0.397,0.176,False
1631157,Ryan Rollins,39,31.8,1240.6383333333333,16.6,648,4.4,173,5.6,217,1.5,59,0.4,15,0.468,0.403,0.227,False
1630180,Saddiq Bey,34,29.9,1015.77,15.1,513,5.9,199,2.3,78,0.9,32,0.1,2,0.442,0.318,0.193,False
1630573,Sam Hauser,38,22.5,854.1233333333333,7.8,295,3.6,136,1.2,47,0.6,22,0.3,12,0.385,0.383,0.14,False
1630241,Sam Merrill,23,26.5,608.8233333333334,14.3,328,2.3,54,2.4,56,0.7,17,0.1,3,0.476,0.457,0.174,False
1630572,Sandro Mamukelashvili,40,21.3,853.54,10.3,411,4.9,195,1.9,75,0.7,27,0.6,24,0.513,0.364,0.173,False
1630583,Santi Aldama,39,28.0,1091.0783333333334,14.0,546,6.8,264,3.1,120,0.9,35,0.7,29,0.475,0.337,0.192,False
1630567,Scottie Barnes,40,34.3,1370.6783333333333,19.3,770,8.3,332,5.3,210,1.3,53,1.4,57,0.5,0.336,0.229,False
203552,Seth Curry,2,16.0,32.09,7.0,14,2.0,4,1.5,3,1.0,2,0.0,0,0.667,0.5,0.11,False
1631101,Shaedon Sharpe,36,29.8,1073.98,21.5,775,4.4,160,2.6,94,1.5,53,0.1,5,0.448,0.33,0.301,False
1628983,Shai Gilgeous-Alexander,38,33.3,1264.4533333333334,31.9,1211,4.5,170,6.4,244,1.4,54,0.7,26,0.547,0.396,0.321,False
1630536,Sharife Cooper,4,2.5,9.9,0.0,0,0.0,0,0.0,0,0.0,0,0.0,0,0.0,0.0,0.105,False
1631321,Sidy Cissoko,35,20.7,725.59,6.1,214,2.1,75,1.6,55,0.7,24,0.3,9,0.394,0.336,0.129,False
1631323,Simone Fontecchio,37,16.1,596.42,8.0,297,2.7,99,1.4,52,0.5,17,0.1,5,0.389,0.364,0.191,False
1642883,Sion James,40,25.6,1023.67,6.5,259,3.4,135,1.9,77,0.6,25,0.4,17,0.405,0.378,0.104,False
1642461,Spencer Jones,34,21.9,745.045,6.1,207,2.8,94,0.9,32,0.9,32,0.4,13,0.517,0.393,0.107,False
201939,Stephen Curry,30,32.2,965.7516666666667,28.8,864,3.8,114,4.7,140,1.2,35,0.5,14,0.47,0.391,0.318,False
1642264,Stephon Castle,30,30.8,922.9366666666666,17.2,515,5.1,152,6.8,203,1.3,39,0.3,8,0.461,0.259,0.256,False
203500,Steven Adams,29,22.7,659.7333333333333,5.9,172,8.6,248,1.6,45,0.7,20,0.6,18,0.504,0.0,0.119,False
1629004,Svi Mykhailiuk,35,24.8,867.2266666666667,9.0,316,2.6,91,2.0,71,0.5,17,0.1,3,0.466,0.385,0.131,False
204456,T.J. McConnell,28,17.3,484.5516666666667,10.0,281,2.3,65,4.9,137,1.2,33,0.2,6,0.54,0.355,0.242,False
1643007,Taelon Peter,21,5.8,122.16833333333334,1.6,33,0.9,19,0.7,14,0.1,3,0.1,2,0.294,0.281,0.15,False
1631106,Tari Eason,21,23.7,497.835,12.0,251,6.0,125,1.6,33,1.1,24,0.6,13,0.477,0.469,0.196,False
1627752,Taurean Prince,8,21.1,168.93333333333334,6.1,49,1.6,13,1.0,8,0.8,6,0.3,2,0.447,0.429,0.108,False
1641707,Taylor Hendricks,27,15.3,413.90166666666664,5.4,146,3.2,86,0.7,20,0.4,12,0.3,7,0.472,0.368,0.131,False
1629611,Terance Mann,33,26.3,867.395,7.9,261,3.5,115,3.8,124,0.8,27,0.3,10,0.446,0.314,0.132,False
1630545,Terrence Shannon Jr.,22,12.8,281.99,4.5,100,1.3,28,0.6,14,0.3,7,0.0,1,0.395,0.405,0.152,False
203648,Thanasis Antetokounmpo,11,2.6,28.653333333333332,1.6,18,0.5,5,0.0,0,0.3,3,0.3,3,0.667,0.0,0.194,False
1628418,Thomas Bryant,29,9.5,274.36833333333334,4.8,138,2.7,77,0.4,13,0.2,7,0.4,12,0.516,0.348,0.167,False
1642275,Tidjane Salaün,25,16.7,417.515,6.4,161,4.2,106,0.9,22,0.4,11,0.2,6,0.496,0.419,0.145,False
203501,Tim Hardaway Jr.,38,27.1,1029.33,13.8,523,2.3,88,1.3,50,0.5,18,0.1,4,0.463,0.414,0.172,False
202699,Tobias Harris,23,27.4,631.1666666666666,13.4,309,4.6,105,2.5,57,0.6,14,0.3,6,0.455,0.333,0.182,False
1642449,Tolu Smith,5,10.9,54.585,5.2,26,5.6,28,0.8,4,0.4,2,1.0,5,0.467,0.0,0.193,False
1628396,Tony Bradley,32,10.5,335.9166666666667,3.9,124,2.5,81,0.5,16,0.1,4,0.2,5,0.558,0.0,0.139,False
1641787,Tosan Evbuomwan,5,1.5,7.713333333333333,0.0,0,0.4,2,0.0,0,0.0,0,0.0,0,0.0,0.0,0.048,False
1641739,Toumani Camara,40,33.9,1355.9183333333333,13.1,524,5.2,207,2.7,109,1.1,42,0.5,18,0.422,0.35,0.163,False
1629027,Trae Young,10,28.0,280.10333333333335,19.3,193,1.5,15,8.9,89,1.0,10,0.1,1,0.415,0.305,0.268,False
1631218,Trayce Jackson-Davis,28,12.5,351.04333333333335,4.6,130,3.8,106,1.0,27,0.3,9,0.6,18,0.591,0.0,0.134,False
1642848,Tre Johnson,31,24.1,747.9833333333333,12.5,387,3.0,92,1.9,58,0.7,21,0.3,10,0.459,0.396,0.204,False
1630200,Tre Jones,32,26.9,860.3833333333333,11.9,381,3.0,95,5.5,175,1.3,40,0.2,6,0.52,0.26,0.166,False
1630544,Tre Mann,26,17.6,456.5466666666667,8.2,213,2.5,65,2.3,60,0.5,14,0.1,3,0.373,0.321,0.234,False
1630570,Trendon Watford,17,17.3,294.19,7.4,125,3.9,67,3.1,53,0.4,6,0.2,4,0.534,0.389,0.164,False
1642280,Trentyn Flowers,2,2.8,5.55,2.0,4,0.5,1,0.5,1,0.0,0,0.0,0,0.667,0.0,0.25,False
1641725,Trey Alexander,5,8.3,41.626666666666665,2.8,14,0.8,4,1.0,5,0.2,1,0.2,1,0.667,0.667,0.104,False
1641998,Trey Jemison III,6,6.3,37.9,1.2,7,1.7,10,0.2,1,0.0,0,0.3,2,1.0,0.0,0.065,False
1630530,Trey Murphy III,37,35.6,1318.5983333333334,21.6,801,6.2,229,3.6,132,1.6,58,0.2,8,0.498,0.386,0.212,False
1641774,Tristan Vukcevic,29,11.5,334.705,6.8,197,2.4,70,1.0,28,0.3,8,0.7,20,0.45,0.19,0.25,False
1641783,Tristan da Silva,35,23.2,813.4616666666667,9.8,343,3.6,125,1.2,41,0.8,27,0.2,7,0.451,0.396,0.167,False
1629639,Tyler Herro,9,31.0,278.815,21.8,196,5.3,48,2.7,24,0.8,7,0.4,4,0.493,0.346,0.249,False
1642278,Tyler Kolek,34,13.4,454.68666666666667,5.1,173,1.9,66,2.8,96,0.4,14,0.1,3,0.44,0.333,0.175,False
1631213,Tyrese Martin,31,19.6,607.2433333333333,7.7,240,3.0,92,2.1,66,0.7,21,0.1,4,0.397,0.341,0.183,False
1630178,Tyrese Maxey,36,39.6,1425.5733333333333,30.9,1114,4.5,161,6.7,241,1.9,67,0.9,33,0.48,0.409,0.287,False
1642878,Tyrese Proctor,27,10.8,292.12,4.7,128,1.3,34,1.3,36,0.3,8,0.0,0,0.35,0.299,0.205,False
1630623,Tyson Etienne,8,4.3,34.4,1.5,12,0.0,0,0.1,1,0.0,0,0.0,0,0.267,0.308,0.186,False
1626145,Tyus Jones,40,16.5,659.5533333333333,3.2,128,1.1,44,2.4,97,0.8,31,0.1,3,0.353,0.295,0.094,False
1642845,VJ Edgecombe,34,36.1,1225.9833333333333,16.1,546,5.4,183,4.4,148,1.6,53,0.5,17,0.427,0.382,0.191,False
1641705,Victor Wembanyama,25,29.0,725.0466666666666,24.3,607,11.1,278,3.1,78,0.9,23,2.8,69,0.516,0.355,0.318,False
1631246,Vince Williams Jr.,25,21.9,546.9166666666666,7.8,194,4.3,107,4.9,122,0.7,18,0.5,13,0.351,0.3,0.191,False
1642884,Vladislav Goldin,1,0.9,0.9116666666666666,0.0,0,0.0,0,1.0,1,0.0,0,0.0,0,0.0,0.0,0.0,False
1630249,Vít Krejčí,37,24.1,890.9733333333334,10.0,371,2.3,86,1.6,58,0.9,33,0.3,12,0.477,0.445,0.141,False
1631117,Walker Kessler,5,30.8,153.98,14.4,72,10.8,54,3.0,15,1.4,7,1.8,9,0.703,0.75,0.167,False
1642383,Walter Clayton Jr.,34,17.4,591.2916666666666,7.1,243,1.9,66,3.1,106,0.5,17,0.2,8,0.419,0.345,0.168,False
1628976,Wendell Carter Jr.,38,30.3,1151.0866666666666,12.4,472,7.7,293,2.1,79,0.7,26,0.7,27,0.512,0.352,0.156,False
1631111,Wendell Moore Jr.,3,14.4,43.055,2.0,6,1.3,4,1.0,3,0.7,2,0.3,1,0.5,0.0,0.073,False
1642954,Will Richard,35,18.8,657.085,7.3,256,2.6,92,1.1,40,0.9,33,0.1,2,0.506,0.38,0.137,False
1642860,Will Riley,30,12.8,384.9066666666667,4.9,147,2.0,60,1.2,36,0.4,12,0.1,4,0.429,0.244,0.172,False
1630214,Xavier Tillman,11,9.4,103.22333333333333,2.8,31,2.2,24,0.5,5,0.5,6,0.2,2,0.5,0.231,0.129,False
1642905,Yang Hansen,22,8.4,183.985,2.5,55,1.8,39,0.8,17,0.0,1,0.4,8,0.29,0.143,0.19,False
1642949,Yanic Konan Niederhäuser,21,7.7,162.70833333333334,2.9,61,2.0,41,0.3,6,0.1,2,0.4,8,0.615,0.0,0.153,False
1642274,Yves Missi,33,17.7,582.995,5.2,173,5.3,174,1.1,37,0.3,11,1.2,41,0.574,0.0,0.117,False
1642258,Zaccharie Risacher,36,24.6,886.5416666666666,11.2,403,3.3,119,1.4,52,0.9,32,0.5,19,0.462,0.358,0.178,False
1628380,Zach Collins,10,18.4,183.73666666666668,9.7,97,5.6,56,1.5,15,0.2,2,0.4,4,0.578,0.429,0.177,False
1641744,Zach Edey,11,25.8,283.8516666666667,13.6,150,11.1,122,1.1,12,0.6,7,1.9,21,0.633,0.2,0.2,False
203897,Zach LaVine,28,32.7,916.4433333333334,19.9,556,3.0,85,2.3,64,0.7,19,0.2,6,0.484,0.388,0.234,False
1630192,Zeke Nnaji,26,11.9,308.515,4.5,117,2.2,58,0.4,11,0.5,12,0.5,12,0.542,0.345,0.14,False
1630533,Ziaire Williams,29,22.5,653.8083333333333,9.1,264,2.4,70,0.7,19,1.1,33,0.5,15,0.407,0.313,0.166,False
1629627,Zion Williamson,25,29.0,724.345,22.8,569,5.7,142,3.4,85,1.2,30,0.6,14,0.577,0.0,0.28,False
