PLAYER_ID,PLAYER_NAME,GP,MIN,MIN_TOT,PTS,PTS_TOT,REB,REB_TOT,AST,AST_TOT,STL,STL_TOT,BLK,BLK_TOT,FG_PCT,FG3_PCT,USG_PCT,IS_LEBRON
2544,LeBron James,81,37.7,3054.0633333333335,28.4,2304,7.6,613,7.2,587,1.7,137,1.1,93,0.489,0.344,0.33,True
201166,Aaron Brooks,80,25.0,1998.17,11.2,894,2.0,157,3.0,238,0.6,46,0.1,8,0.404,0.366,0.226,False
201189,Aaron Gray,56,12.8,715.1083333333333,3.5,196,3.9,220,0.8,46,0.3,14,0.3,18,0.485,0.0,0.139,False
201151,Acie Law,55,10.2,559.5233333333333,2.9,162,1.1,58,1.6,86,0.2,11,0.1,3,0.374,0.31,0.157,False
200747,Adam Morrison,52,13.7,711.0516666666666,4.0,209,1.5,80,0.8,41,0.2,9,0.1,4,0.359,0.333,0.173,False
1502,Adonal Foyle,10,6.2,61.93333333333333,1.7,17,2.6,26,0.1,1,0.0,0,0.8,8,0.636,0.0,0.119,False
1733,Al Harrington,73,34.9,2546.4616666666666,20.1,1469,6.2,455,1.4,102,1.2,88,0.3,22,0.439,0.364,0.254,False
201143,Al Horford,67,33.5,2242.2116666666666,11.5,773,9.3,624,2.4,163,0.8,53,1.4,95,0.525,0.0,0.165,False
2744,Al Jefferson,50,36.7,1835.7866666666666,23.1,1156,11.0,548,1.6,79,0.8,39,1.7,83,0.497,0.0,0.285,False
201154,Al Thornton,71,37.4,2654.05,16.8,1194,5.2,368,1.5,103,0.8,59,0.9,62,0.446,0.253,0.225,False
201169,Alando Tucker,30,9.4,282.3883333333333,4.6,138,1.0,31,0.4,12,0.2,5,0.0,1,0.43,0.348,0.209,False
101165,Alex Acker,25,8.0,199.57833333333335,2.9,72,1.0,24,0.5,12,0.2,5,0.2,4,0.395,0.35,0.198,False
201582,Alexis Ajinca,31,5.9,182.25666666666666,2.3,70,1.0,30,0.1,3,0.2,7,0.2,6,0.362,0.0,0.246,False
947,Allen Iverson,57,36.7,2092.43,17.5,995,3.0,173,5.0,283,1.5,88,0.1,6,0.417,0.283,0.258,False
2405,Amar'e Stoudemire,53,36.8,1947.8833333333334,21.4,1134,8.1,430,2.0,104,0.9,49,1.1,57,0.539,0.429,0.245,False
101161,Amir Johnson,62,14.7,910.9966666666667,3.5,217,3.7,232,0.3,20,0.3,20,1.0,60,0.595,0.0,0.108,False
2760,Anderson Varejao,81,28.5,2305.795,8.6,694,7.2,581,1.0,81,0.9,75,0.8,66,0.536,0.0,0.14,False
101154,Andray Blatche,71,24.0,1702.9383333333333,10.0,713,5.3,378,1.7,118,0.7,53,1.0,74,0.471,0.238,0.218,False
2810,Andre Brown,4,10.3,41.355,1.0,4,3.0,12,0.3,1,0.3,1,0.0,0,0.143,0.0,0.135,False
2738,Andre Iguodala,82,39.9,3268.97,18.8,1541,5.7,471,5.3,434,1.6,131,0.4,36,0.473,0.307,0.221,False
1889,Andre Miller,82,36.3,2976.225,16.3,1337,4.5,368,6.5,534,1.3,109,0.2,14,0.473,0.283,0.215,False
200745,Andrea Bargnani,78,31.5,2453.3566666666666,15.4,1202,5.3,416,1.2,94,0.4,34,1.2,97,0.45,0.409,0.226,False
1905,Andrei Kirilenko,67,27.3,1831.0733333333333,11.6,776,4.8,319,2.6,175,1.2,83,1.1,77,0.449,0.274,0.201,False
2804,Andres Nocioni,76,26.2,1991.6166666666666,11.4,867,4.8,361,1.3,102,0.5,39,0.4,33,0.427,0.399,0.198,False
101106,Andrew Bogut,36,31.2,1123.6633333333334,11.7,422,10.3,369,2.0,72,0.6,23,1.0,37,0.577,0.0,0.178,False
101115,Andrew Bynum,50,28.9,1446.0816666666667,14.3,714,8.0,398,1.4,71,0.4,18,1.8,90,0.56,0.0,0.206,False
2740,Andris Biedrins,62,30.0,1863.0433333333333,11.9,735,11.2,693,2.0,121,1.0,63,1.5,96,0.578,0.0,0.168,False
1712,Antawn Jamison,81,38.2,3095.71,22.2,1801,8.9,721,1.9,153,1.2,95,0.3,25,0.468,0.351,0.255,False
1853,Anthony Carter,78,22.9,1786.5766666666666,5.3,412,2.6,205,4.7,364,1.2,96,0.2,13,0.433,0.239,0.138,False
1533,Anthony Johnson,80,18.5,1481.0216666666668,5.3,421,1.8,147,2.5,200,0.6,46,0.1,5,0.404,0.391,0.153,False
201627,Anthony Morrow,67,22.6,1515.2983333333334,10.1,676,3.0,199,1.2,80,0.5,36,0.2,12,0.478,0.467,0.173,False
1515,Anthony Parker,80,33.0,2636.47,10.7,857,4.0,317,3.4,269,1.3,100,0.2,15,0.426,0.39,0.161,False
201576,Anthony Randolph,63,17.9,1129.1266666666668,7.9,499,5.8,363,0.8,49,0.7,42,1.2,74,0.462,0.0,0.211,False
101194,Anthony Roberson,29,9.5,275.78333333333336,4.1,119,0.8,22,0.7,20,0.3,10,0.0,1,0.367,0.321,0.2,False
201229,Anthony Tolliver,19,11.0,208.05,2.7,52,2.2,41,0.9,17,0.3,5,0.1,1,0.292,0.22,0.168,False
101120,Antoine Wright,65,23.9,1551.8733333333332,7.3,474,2.1,136,1.2,77,0.7,46,0.4,27,0.415,0.302,0.154,False
1498,Antonio Daniels,74,13.8,1020.7983333333333,4.1,300,1.0,77,2.4,177,0.4,26,0.0,1,0.419,0.367,0.162,False
686,Antonio McDyess,62,30.1,1866.1616666666666,9.6,596,9.8,607,1.3,83,0.7,41,0.8,50,0.51,0.0,0.155,False
201167,Arron Afflalo,74,16.7,1233.825,4.9,363,1.8,134,0.6,44,0.4,28,0.2,13,0.437,0.402,0.137,False
1506,Austin Croshere,14,7.1,99.95666666666666,2.9,40,2.4,34,0.6,9,0.1,1,0.1,1,0.359,0.333,0.202,False
1884,Baron Davis,65,34.6,2248.3483333333334,14.9,968,3.7,238,7.7,501,1.7,108,0.5,35,0.37,0.302,0.246,False
2732,Ben Gordon,82,36.6,2998.97,20.7,1699,3.5,283,3.4,279,0.9,71,0.3,22,0.455,0.41,0.243,False
1112,Ben Wallace,56,23.5,1313.5383333333334,2.9,165,6.5,362,0.8,44,0.9,48,1.3,75,0.445,0.0,0.077,False
2757,Beno Udrih,73,31.1,2270.06,11.0,800,3.0,220,4.7,342,1.1,81,0.2,12,0.461,0.31,0.18,False
201336,Blake Ahearn,3,6.3,18.8,2.7,8,0.3,1,0.7,2,0.3,1,0.0,0,0.333,0.5,0.186,False
201628,Bobby Brown,68,13.7,931.4816666666667,5.3,361,0.8,52,1.7,117,0.3,21,0.0,3,0.392,0.346,0.206,False
1517,Bobby Jackson,71,20.9,1484.125,7.5,532,2.8,200,2.0,143,0.9,62,0.1,4,0.398,0.305,0.175,False
2250,Bobby Simmons,71,24.4,1729.2416666666666,7.8,556,3.9,277,1.3,92,0.7,50,0.1,10,0.449,0.447,0.139,False
2564,Boris Diaw,81,34.0,2753.79,13.2,1072,5.3,432,4.1,333,0.8,61,0.7,53,0.507,0.414,0.196,False
1802,Brad Miller,70,30.0,2100.1516666666666,11.9,831,7.8,545,3.3,234,0.7,52,0.5,36,0.476,0.411,0.183,False
201148,Brandan Wright,39,17.6,688.2666666666667,8.3,323,4.0,157,0.5,21,0.6,22,0.9,37,0.528,0.0,0.189,False
101138,Brandon Bass,81,19.4,1574.33,8.5,686,4.5,367,0.5,43,0.3,27,0.7,55,0.496,0.0,0.195,False
200750,Brandon Roy,78,37.2,2903.315,22.6,1765,4.7,370,5.1,400,1.1,88,0.3,22,0.48,0.377,0.272,False
201575,Brandon Rush,75,24.0,1802.895,8.1,610,3.1,233,0.9,66,0.5,38,0.5,37,0.423,0.373,0.164,False
2217,Brendan Haywood,6,29.2,175.4,9.7,58,7.3,44,1.3,8,0.7,4,2.5,15,0.48,0.0,0.173,False
699,Brent Barry,56,15.3,856.7883333333333,3.7,208,1.7,94,1.4,78,0.4,24,0.1,3,0.407,0.374,0.118,False
1510,Brevin Knight,74,12.7,937.6283333333333,2.4,180,1.2,88,2.6,190,0.9,68,0.1,4,0.349,0.0,0.131,False
2073,Brian Cardinal,64,14.2,908.7766666666666,3.0,190,2.2,142,1.2,76,0.6,37,0.2,13,0.385,0.326,0.115,False
2567,Brian Cook,30,5.7,170.66666666666666,2.5,74,1.1,32,0.2,5,0.1,3,0.1,3,0.368,0.433,0.236,False
2243,Brian Scalabrine,39,12.9,504.45166666666665,3.5,136,1.3,50,0.5,18,0.2,7,0.3,10,0.421,0.393,0.117,False
1730,Brian Skinner,51,16.5,843.0216666666666,4.2,214,4.0,203,0.5,27,0.3,17,1.0,52,0.449,0.0,0.144,False
201572,Brook Lopez,82,30.5,2501.4016666666666,13.0,1068,8.1,665,1.0,86,0.5,44,1.8,151,0.531,0.0,0.198,False
1477,Bruce Bowen,80,18.8,1505.8633333333332,2.7,214,1.8,145,0.5,40,0.5,36,0.2,13,0.422,0.429,0.07,False
201228,C.J. Watson,77,24.5,1883.11,9.5,730,2.5,192,2.7,206,1.2,96,0.1,4,0.457,0.4,0.165,False
101139,CJ Miles,72,22.5,1622.66,9.1,657,2.3,167,1.5,107,0.6,46,0.2,15,0.459,0.352,0.181,False
1916,Calvin Booth,8,6.9,55.45,2.0,16,1.4,11,0.0,0,0.1,1,0.3,2,0.5,0.0,0.116,False
201171,Carl Landry,69,21.3,1466.7583333333334,9.2,638,5.0,343,0.6,39,0.4,26,0.4,31,0.574,0.333,0.177,False
2430,Carlos Boozer,37,32.3,1196.53,16.2,599,10.4,385,2.1,79,1.1,39,0.2,7,0.49,0.0,0.241,False
2546,Carmelo Anthony,66,34.5,2277.0866666666666,22.8,1504,6.8,450,3.4,222,1.1,75,0.4,24,0.443,0.371,0.313,False
2406,Caron Butler,67,38.6,2584.8616666666667,20.8,1392,6.2,414,4.3,290,1.6,106,0.3,20,0.453,0.31,0.254,False
201858,Cartier Martin,33,8.0,265.6066666666667,2.6,86,1.0,33,0.4,13,0.2,8,0.1,4,0.364,0.303,0.165,False
200759,Cedric Simmons,18,4.7,84.08166666666666,1.6,29,0.9,16,0.1,2,0.1,1,0.2,4,0.44,0.0,0.173,False
101112,Channing Frye,63,11.8,745.69,4.2,263,2.2,140,0.4,24,0.3,17,0.3,16,0.423,0.333,0.191,False
2294,Charlie Bell,70,25.5,1782.5283333333334,8.4,587,1.9,134,2.2,151,0.7,50,0.1,7,0.414,0.363,0.157,False
101111,Charlie Villanueva,78,26.9,2094.8716666666664,16.2,1264,6.7,520,1.8,137,0.6,50,0.7,56,0.447,0.345,0.279,False
1497,Chauncey Billups,79,35.3,2788.465,17.7,1400,3.0,239,6.4,506,1.2,93,0.2,18,0.418,0.408,0.216,False
200798,Cheikh Samb,18,4.6,83.12833333333333,0.8,15,1.3,24,0.1,1,0.2,3,0.6,10,0.188,0.0,0.198,False
2365,Chris Andersen,71,20.6,1459.6316666666667,6.4,452,6.2,442,0.4,31,0.6,41,2.5,175,0.548,0.2,0.13,False
2547,Chris Bosh,77,38.0,2927.865,22.7,1746,10.0,771,2.5,191,0.9,67,1.0,77,0.487,0.245,0.268,False
201604,Chris Douglas-Roberts,44,13.3,584.5416666666666,4.9,216,1.1,50,1.2,52,0.3,12,0.2,7,0.46,0.25,0.186,False
2768,Chris Duhon,79,36.8,2906.295,11.1,880,3.1,246,7.2,566,0.9,72,0.1,7,0.421,0.391,0.145,False
2549,Chris Kaman,31,29.7,920.6316666666667,12.0,373,8.0,247,1.5,46,0.5,17,1.5,45,0.528,0.0,0.206,False
2036,Chris Mihm,18,5.8,104.81333333333333,2.0,36,1.9,34,0.6,10,0.1,1,0.3,6,0.375,0.0,0.208,False
101108,Chris Paul,78,38.5,3002.0916666666667,22.8,1781,5.5,432,11.0,861,2.8,216,0.1,10,0.503,0.364,0.271,False
200809,Chris Quinn,66,14.6,962.1866666666666,5.1,339,1.1,75,2.0,132,0.4,24,0.0,2,0.408,0.409,0.167,False
2404,Chris Wilcox,62,16.9,1049.6266666666668,7.2,447,4.5,277,0.8,47,0.4,26,0.3,16,0.497,0.0,0.209,False
101236,Chuck Hayes,71,12.1,857.6933333333334,1.3,91,3.5,250,0.6,42,0.5,34,0.3,19,0.372,0.0,0.077,False
1088,Chucky Atkins,33,12.5,412.315,3.0,98,0.7,24,1.8,59,0.3,10,0.1,2,0.301,0.263,0.152,False
201147,Corey Brewer,15,20.5,307.01666666666665,6.2,93,3.3,49,1.7,25,1.0,15,0.2,3,0.411,0.417,0.159,False
1894,Corey Maggette,51,31.1,1587.8783333333333,18.6,950,5.5,282,1.8,92,0.9,44,0.2,8,0.461,0.253,0.251,False
201584,Courtney Lee,77,25.2,1938.745,8.4,646,2.3,178,1.2,91,1.0,76,0.2,14,0.45,0.404,0.152,False
201235,Courtney Sims,2,6.6,13.283333333333333,3.0,6,2.0,4,0.0,0,0.0,0,0.0,0,0.5,0.0,0.219,False
200783,Craig Smith,74,19.7,1460.1783333333333,10.1,746,3.8,284,1.1,79,0.4,31,0.3,19,0.562,0.0,0.227,False
1749,Cuttino Mobley,11,33.1,364.62,13.7,151,2.6,29,1.1,12,1.4,15,0.2,2,0.432,0.343,0.206,False
201571,D.J. Augustin,72,26.5,1907.9333333333334,11.8,850,1.8,133,3.5,250,0.6,42,0.0,2,0.43,0.439,0.204,False
2788,DJ Mbenga,23,7.9,181.31333333333333,2.7,61,1.3,31,0.4,9,0.4,10,1.0,24,0.474,0.0,0.174,False
201591,DJ White,7,18.5,129.49833333333333,8.9,62,4.6,32,0.9,6,0.4,3,0.7,5,0.52,0.0,0.199,False
201161,Daequan Cook,75,24.4,1832.99,9.1,686,2.5,189,0.9,71,0.5,39,0.1,10,0.375,0.387,0.179,False
2563,Dahntay Jones,79,18.0,1425.7033333333334,5.4,429,2.1,168,1.0,78,0.6,49,0.2,19,0.458,0.647,0.148,False
2863,Damien Wilkins,41,15.5,635.9933333333333,5.3,218,1.7,70,0.9,37,0.5,22,0.2,7,0.362,0.375,0.182,False
1800,Damon Jones,18,6.0,107.71833333333333,1.8,33,0.3,6,0.4,7,0.2,3,0.0,0,0.324,0.393,0.168,False
2429,Dan Gadzuric,67,14.0,941.235,4.0,271,3.8,255,0.6,39,0.5,32,0.6,43,0.48,0.0,0.148,False
200789,Daniel Gibson,75,23.9,1794.51,7.8,586,2.1,155,1.8,132,0.6,44,0.2,16,0.391,0.382,0.16,False
201568,Danilo Gallinari,28,14.7,411.745,6.1,170,2.0,55,0.5,15,0.5,14,0.1,4,0.448,0.444,0.158,False
101122,Danny Granger,67,36.2,2424.22,25.8,1728,5.1,341,2.7,183,1.0,69,1.4,97,0.447,0.404,0.289,False
2032,Darius Miles,34,8.8,297.57166666666666,3.5,120,1.7,57,0.5,17,0.3,11,0.6,20,0.485,0.167,0.201,False
2443,Darius Songaila,77,19.8,1521.2633333333333,7.4,566,2.9,227,1.2,94,0.8,64,0.3,20,0.532,0.0,0.168,False
2545,Darko Milicic,61,17.0,1034.3816666666667,5.5,333,4.3,264,0.6,34,0.4,22,0.8,51,0.515,0.0,0.159,False
201616,Darnell Jackson,51,8.4,429.5516666666667,1.9,98,1.7,87,0.2,8,0.2,10,0.1,4,0.43,0.0,0.123,False
201589,Darrell Arthur,76,19.3,1464.1783333333333,5.6,422,4.6,346,0.6,43,0.7,52,0.7,52,0.438,0.0,0.159,False
101135,David Lee,81,34.9,2824.06,16.0,1293,11.7,951,2.1,174,1.0,80,0.3,22,0.549,0.0,0.189,False
2561,David West,76,39.2,2981.8233333333333,21.0,1593,8.5,646,2.3,173,0.6,49,0.9,68,0.472,0.24,0.259,False
201599,DeAndre Jordan,53,14.6,771.3916666666667,4.3,228,4.5,237,0.2,11,0.2,11,1.1,59,0.633,0.0,0.137,False
201634,DeMarcus Nelson,13,13.1,170.73166666666665,4.1,53,1.8,24,1.0,13,0.7,9,0.2,2,0.444,0.0,0.174,False
2205,DeSagana Diop,75,13.8,1036.295,2.3,170,3.6,273,0.4,32,0.4,29,0.7,56,0.433,0.0,0.107,False
2052,DeShawn Stevenson,32,27.7,886.1616666666666,6.6,211,2.4,76,3.1,98,0.7,21,0.1,2,0.312,0.271,0.146,False
200793,Dee Brown,19,13.7,261.18833333333333,2.4,46,1.5,29,1.9,36,0.5,10,0.0,0,0.367,0.292,0.115,False
2753,Delonte West,64,33.6,2151.64,11.7,751,3.2,203,3.5,226,1.5,94,0.2,13,0.457,0.399,0.166,False
201193,Demetris Nichols,4,3.6,14.216666666666667,1.8,7,0.5,2,0.3,1,0.0,0,0.3,1,0.333,0.0,0.286,False
965,Derek Fisher,82,29.8,2440.7966666666666,9.9,814,2.3,188,3.2,261,1.2,95,0.1,6,0.424,0.397,0.146,False
101114,Deron Williams,68,36.8,2505.18,19.4,1322,2.9,195,10.7,725,1.1,73,0.3,20,0.471,0.31,0.244,False
201565,Derrick Rose,81,37.0,3000.048333333333,16.8,1361,3.9,317,6.3,512,0.8,66,0.2,18,0.475,0.222,0.222,False
2824,Desmon Farmer,3,18.0,53.916666666666664,4.3,13,2.0,6,0.7,2,0.0,0,0.0,0,0.286,0.25,0.168,False
2046,Desmond Mason,39,27.3,1064.4566666666667,7.5,294,4.0,157,1.2,46,0.4,15,0.8,30,0.435,0.0,0.155,False
1904,Devean George,43,16.5,707.7016666666667,3.4,147,1.8,78,0.3,15,0.5,23,0.3,11,0.38,0.289,0.108,False
2484,Devin Brown,63,13.8,869.12,5.2,328,1.9,119,0.9,54,0.5,32,0.1,5,0.355,0.289,0.221,False
2734,Devin Harris,69,36.1,2494.266666666667,21.3,1470,3.3,231,6.9,476,1.7,114,0.2,13,0.438,0.291,0.274,False
87,Dikembe Mutombo,9,10.7,96.29833333333333,1.8,16,3.7,33,0.0,0,0.0,0,1.2,11,0.385,0.0,0.108,False
1717,Dirk Nowitzki,81,37.7,3050.4583333333335,25.9,2094,8.4,681,2.4,197,0.8,61,0.8,63,0.479,0.359,0.295,False
201187,Dominic McGuire,79,26.2,2072.266666666667,4.5,356,5.4,428,2.5,198,0.8,62,0.9,74,0.432,0.5,0.1,False
201590,Donte Greene,55,13.2,725.3633333333333,3.8,209,1.6,86,0.5,30,0.3,16,0.3,14,0.326,0.26,0.173,False
200971,Dontell Jefferson,6,14.0,83.78166666666667,4.8,29,2.0,12,1.5,9,0.7,4,0.2,1,0.5,0.5,0.183,False
923,Donyell Marshall,25,7.6,188.86166666666668,3.8,94,1.6,40,0.6,15,0.2,4,0.2,5,0.452,0.455,0.189,False
2748,Dorell Wright,6,12.2,73.32,3.0,18,3.3,20,0.3,2,0.3,2,0.0,0,0.4,0.0,0.19,False
2400,Drew Gooden,51,24.8,1264.0883333333334,11.9,605,7.1,362,0.9,48,0.6,30,0.4,18,0.468,0.0,0.231,False
101204,Dwayne Jones,6,8.7,52.46333333333333,2.0,12,2.0,12,0.0,0,0.0,0,0.2,1,0.571,0.0,0.122,False
2730,Dwight Howard,79,35.7,2821.235,20.6,1624,13.8,1093,1.4,112,1.0,77,2.9,231,0.572,0.0,0.258,False
2548,Dwyane Wade,79,38.6,3048.0416666666665,30.2,2386,5.0,398,7.5,589,2.2,173,1.3,106,0.491,0.317,0.352,False
2248,Earl Watson,68,26.1,1776.4666666666667,6.6,448,2.7,183,5.8,391,0.7,50,0.2,11,0.384,0.235,0.161,False
2109,Eddie Gill,6,7.2,43.145,2.3,14,0.7,4,1.8,11,0.5,3,0.2,1,0.667,0.667,0.127,False
2067,Eddie House,81,18.3,1479.2333333333333,8.5,691,1.9,157,1.1,92,0.8,61,0.1,7,0.445,0.444,0.192,False
2201,Eddy Curry,3,3.9,11.76,1.7,5,1.3,4,0.0,0,0.0,0,0.0,0,1.0,0.0,0.179,False
2059,Eduardo Najera,27,11.8,318.81666666666666,2.9,79,2.5,67,0.7,19,0.4,10,0.1,4,0.446,0.2,0.147,False
1882,Elton Brand,29,31.7,920.4133333333333,13.8,399,8.8,254,1.3,37,0.6,17,1.6,45,0.447,0.0,0.231,False
2731,Emeka Okafor,82,32.8,2691.338333333333,13.2,1085,10.1,827,0.6,53,0.6,48,1.7,136,0.561,0.0,0.187,False
201569,Eric Gordon,78,34.3,2676.6516666666666,16.1,1252,2.6,201,2.8,215,1.0,78,0.4,35,0.456,0.389,0.205,False
956,Erick Dampier,80,22.9,1835.9033333333334,5.7,454,7.1,565,1.0,77,0.3,24,1.2,95,0.65,0.0,0.104,False
2041,Etan Thomas,26,11.8,305.655,3.1,80,2.5,66,0.2,6,0.1,3,0.7,18,0.485,0.0,0.143,False
101177,Fabricio Oberto,54,12.5,676.615,2.6,142,2.6,142,1.1,59,0.1,7,0.2,11,0.587,0.0,0.109,False
2436,Flip Murray,80,24.7,1974.8183333333334,12.2,974,2.1,168,2.0,158,1.1,88,0.2,17,0.447,0.36,0.237,False
1922,Francisco Elson,59,16.6,977.2633333333333,3.4,200,3.9,229,0.5,32,0.6,36,0.6,36,0.491,0.25,0.106,False
101128,Francisco Garcia,65,30.4,1975.2983333333334,12.7,824,3.4,218,2.3,150,1.2,80,1.0,67,0.444,0.398,0.191,False
2410,Fred Jones,52,28.8,1495.0383333333334,7.3,378,2.4,126,3.6,188,1.0,53,0.2,11,0.407,0.367,0.127,False
201172,Gabe Pruitt,47,7.8,366.09833333333336,2.0,93,0.9,43,0.8,39,0.3,15,0.1,3,0.307,0.292,0.157,False
201588,George Hill,77,16.5,1269.8033333333333,5.7,438,2.1,158,1.8,136,0.6,45,0.3,21,0.403,0.329,0.189,False
101123,Gerald Green,38,9.9,375.525,5.2,199,1.4,54,0.4,15,0.3,10,0.1,5,0.439,0.304,0.259,False
2222,Gerald Wallace,71,37.6,2669.2716666666665,16.6,1182,7.8,553,2.7,189,1.7,121,0.9,67,0.48,0.298,0.202,False
2240,Gilbert Arenas,2,31.3,62.666666666666664,13.0,26,4.5,9,10.0,20,0.0,0,0.5,1,0.261,0.286,0.237,False
201175,Glen Davis,76,21.5,1637.07,7.0,530,4.0,301,0.9,69,0.7,53,0.3,19,0.442,0.4,0.171,False
201609,Goran Dragic,55,13.2,728.2416666666667,4.5,246,1.9,103,2.0,111,0.5,29,0.1,3,0.393,0.37,0.189,False
255,Grant Hill,82,29.8,2444.79,12.0,985,4.9,405,2.3,186,1.1,90,0.7,54,0.523,0.316,0.173,False
1761,Greg Buckner,63,13.9,878.02,2.5,155,2.1,130,0.9,57,0.5,29,0.1,8,0.384,0.255,0.108,False
201141,Greg Oden,61,21.5,1313.8933333333334,8.9,540,7.0,424,0.5,31,0.4,25,1.1,69,0.564,0.0,0.189,False
101124,Hakim Warrick,82,24.7,2029.43,11.6,951,5.0,406,0.8,66,0.6,48,0.5,39,0.491,0.217,0.215,False
201632,Hamed Haddadi,19,6.3,119.67666666666666,2.5,48,2.5,47,0.4,8,0.1,1,0.6,12,0.484,0.0,0.199,False
200801,Hassan Adams,12,4.3,51.91,0.9,11,0.6,7,0.1,1,0.1,1,0.1,1,0.308,0.0,0.157,False
2045,Hedo Turkoglu,77,36.6,2815.105,16.8,1294,5.3,410,4.9,375,0.8,64,0.2,19,0.413,0.356,0.227,False
201611,Henry Walker,29,7.4,215.83,3.0,88,1.0,29,0.4,13,0.2,6,0.1,2,0.621,0.0,0.173,False
200756,Hilton Armstrong,70,15.6,1092.0066666666667,4.8,338,2.8,195,0.4,29,0.4,26,0.6,45,0.561,0.0,0.163,False
101113,Ike Diogu,29,7.4,215.31,4.1,119,1.9,56,0.1,3,0.1,3,0.1,3,0.527,0.5,0.222,False
2137,Ime Udoka,67,15.5,1035.3416666666667,4.3,289,2.8,187,0.8,54,0.5,36,0.2,12,0.383,0.328,0.153,False
200826,J.J. Barea,79,20.3,1600.33,7.8,617,2.2,177,3.4,269,0.5,37,0.1,5,0.442,0.357,0.2,False
201592,J.R. Giddens,6,1.3,7.611666666666666,0.7,4,0.5,3,0.0,0,0.2,1,0.0,0,0.667,0.0,0.235,False
201581,JJ Hickson,62,11.4,704.7016666666667,4.0,245,2.7,165,0.1,9,0.2,14,0.5,30,0.515,0.0,0.177,False
200755,JJ Redick,64,17.4,1110.6416666666667,6.0,382,1.7,109,1.1,73,0.3,21,0.0,1,0.391,0.374,0.156,False
2747,JR Smith,81,27.7,2244.5616666666665,15.2,1233,3.7,297,2.8,227,1.0,78,0.2,14,0.446,0.397,0.234,False
201580,JaVale McGee,75,15.2,1142.5916666666667,6.5,489,3.9,294,0.3,23,0.4,33,1.0,75,0.494,0.0,0.2,False
1521,Jacque Vaughn,30,9.7,291.79833333333335,2.2,65,0.7,22,1.8,55,0.2,6,0.0,0,0.32,1.0,0.161,False
2063,Jake Voskuhl,38,6.3,239.79833333333335,0.9,35,1.6,59,0.2,8,0.1,3,0.1,4,0.267,0.0,0.126,False
2048,Jamaal Magloire,55,12.9,708.925,2.9,159,4.0,222,0.4,22,0.2,11,0.5,25,0.496,0.0,0.125,False
2037,Jamal Crawford,65,38.1,2478.305,19.7,1280,3.0,193,4.4,288,0.9,57,0.2,13,0.41,0.36,0.222,False
200081,Jamario Moon,80,25.9,2068.2233333333334,7.2,577,4.6,365,1.2,95,1.1,86,0.8,60,0.468,0.355,0.126,False
2749,Jameer Nelson,42,31.2,1309.18,16.7,702,3.5,145,5.4,226,1.2,51,0.1,3,0.503,0.453,0.225,False
2592,James Jones,40,15.7,629.6983333333334,4.2,169,1.6,62,0.5,20,0.3,12,0.4,14,0.369,0.344,0.128,False
1899,James Posey,75,28.5,2140.0716666666667,8.9,668,4.8,362,1.1,82,0.8,58,0.3,21,0.412,0.369,0.147,False
101189,James Singleton,62,14.3,884.285,5.1,314,4.0,250,0.3,17,0.4,26,0.5,28,0.529,0.325,0.146,False
200778,James White,4,2.8,11.2,1.8,7,0.0,0,0.3,1,0.3,1,0.3,1,0.6,0.5,0.308,False
201162,Jared Dudley,68,17.0,1155.7416666666666,5.5,372,3.0,205,0.8,56,0.8,57,0.1,8,0.477,0.392,0.14,False
2407,Jared Jeffries,56,23.4,1309.6966666666667,5.3,296,4.1,231,1.4,80,0.8,47,0.6,33,0.44,0.083,0.124,False
101127,Jarrett Jack,82,33.1,2716.451666666667,13.1,1074,3.4,276,4.1,338,1.1,88,0.2,17,0.453,0.353,0.181,False
2260,Jarron Collins,26,7.7,201.335,1.5,40,1.4,37,0.3,7,0.1,2,0.0,1,0.457,0.0,0.106,False
2553,Jarvis Hayes,74,24.8,1831.8133333333333,8.7,644,3.6,267,0.7,54,0.7,52,0.1,7,0.445,0.385,0.163,False
2215,Jason Collins,31,13.6,422.17,1.8,57,2.3,70,0.4,11,0.3,9,0.4,13,0.314,0.0,0.106,False
2078,Jason Hart,39,8.9,347.545,2.0,78,1.2,46,1.2,48,0.3,12,0.1,4,0.319,0.0,0.159,False
2574,Jason Kapono,80,22.9,1831.3766666666668,8.2,654,2.0,163,1.3,105,0.3,22,0.0,3,0.432,0.428,0.168,False
467,Jason Kidd,81,35.6,2886.035,9.0,731,6.2,500,8.7,702,2.0,160,0.5,39,0.416,0.406,0.132,False
101131,Jason Maxiell,78,18.0,1407.6183333333333,5.8,452,4.2,324,0.3,24,0.3,25,0.8,63,0.575,0.0,0.142,False
2202,Jason Richardson,72,33.5,2410.451666666667,16.8,1212,4.4,319,2.0,146,1.1,76,0.4,28,0.477,0.397,0.209,False
1891,Jason Terry,74,33.7,2490.9166666666665,19.6,1447,2.4,177,3.4,251,1.3,97,0.3,20,0.463,0.366,0.251,False
201574,Jason Thompson,82,28.1,2302.8766666666666,11.1,910,7.4,606,1.1,93,0.6,46,0.7,59,0.497,0.0,0.19,False
201159,Javaris Crittenton,63,18.6,1174.0683333333334,5.0,317,2.6,166,2.4,150,0.6,40,0.1,6,0.46,0.133,0.152,False
101214,Jawad Williams,10,2.0,20.265,1.2,12,0.2,2,0.0,0,0.1,1,0.0,0,0.417,0.333,0.26,False
1902,Jeff Foster,74,24.7,1827.8133333333333,6.1,452,6.9,508,1.8,130,0.7,53,0.7,49,0.501,0.286,0.119,False
201145,Jeff Green,78,36.8,2873.01,16.5,1290,6.7,519,2.0,155,1.0,81,0.4,33,0.446,0.389,0.209,False
200978,Jeremy Richardson,12,7.7,92.71166666666667,3.1,37,1.2,14,0.3,3,0.0,0,0.0,0,0.286,0.353,0.245,False
979,Jermaine O'Neal,68,29.8,2027.575,13.3,905,6.4,433,1.8,122,0.4,29,2.0,136,0.474,0.0,0.236,False
201176,Jermareo Davidson,14,7.9,111.04333333333334,3.0,42,2.4,34,0.1,1,0.1,2,0.2,3,0.486,0.0,0.168,False
1744,Jerome James,2,4.9,9.833333333333334,3.0,6,1.5,3,0.0,0,0.5,1,0.5,1,0.375,0.0,0.36,False
711,Jerry Stackhouse,10,16.2,162.30333333333334,4.2,42,1.7,17,1.2,12,0.4,4,0.1,1,0.267,0.158,0.19,False
201573,Jerryd Bayless,53,12.4,654.75,4.3,228,1.1,57,1.5,78,0.3,16,0.0,2,0.365,0.259,0.198,False
201149,Joakim Noah,80,24.2,1938.27,6.7,537,7.6,606,1.3,106,0.6,49,1.4,110,0.556,0.0,0.121,False
201570,Joe Alexander,59,12.1,716.3883333333333,4.7,278,1.9,115,0.7,42,0.3,15,0.5,29,0.416,0.348,0.197,False
201621,Joe Crawford,2,11.4,22.833333333333332,4.5,9,2.0,4,0.5,1,0.5,1,0.0,0,0.3,0.25,0.216,False
2207,Joe Johnson,79,39.5,3124.383333333333,21.4,1688,4.4,346,5.8,455,1.1,84,0.2,19,0.437,0.36,0.262,False
693,Joe Smith,57,19.3,1101.7833333333333,6.6,374,4.6,263,0.7,41,0.3,17,0.7,40,0.468,0.429,0.162,False
201202,Joel Anthony,65,16.1,1048.3016666666667,2.2,144,3.0,197,0.4,27,0.3,20,1.4,93,0.483,0.0,0.081,False
2038,Joel Przybilla,82,23.8,1952.01,5.5,448,8.7,717,0.3,27,0.4,34,1.2,97,0.625,0.0,0.101,False
201595,Joey Dorsey,3,2.1,6.366666666666666,0.7,2,0.3,1,0.3,1,0.0,0,0.0,0,0.5,0.0,0.143,False
101121,Joey Graham,78,19.8,1540.6666666666667,7.7,597,3.7,292,0.6,48,0.4,35,0.2,12,0.481,0.188,0.18,False
101130,Johan Petro,49,11.4,558.7116666666667,3.3,162,3.2,158,0.3,16,0.4,19,0.3,15,0.415,0.0,0.168,False
2422,John Salmons,79,37.5,2959.0066666666667,18.3,1446,4.2,333,3.2,249,1.1,83,0.3,24,0.472,0.417,0.212,False
200770,Jordan Farmar,65,18.3,1191.8733333333332,6.4,416,1.8,117,2.4,155,0.9,57,0.2,10,0.391,0.336,0.189,False
101181,Jose Calderon,68,34.3,2332.943333333333,12.8,873,2.9,194,8.9,607,1.1,74,0.1,7,0.497,0.406,0.165,False
200767,Josh Boone,62,16.0,994.675,4.2,258,4.2,258,0.5,31,0.4,22,0.8,48,0.528,0.0,0.132,False
2572,Josh Howard,52,32.0,1662.8916666666667,18.0,936,5.1,263,1.6,83,1.1,55,0.6,30,0.451,0.345,0.262,False
201177,Josh McRoberts,33,8.5,279.385,2.4,80,2.2,74,0.5,16,0.4,12,0.5,16,0.422,0.0,0.157,False
2694,Josh Powell,60,11.7,703.12,4.2,250,2.9,176,0.5,27,0.2,9,0.3,17,0.444,0.0,0.189,False
2746,Josh Smith,69,35.1,2420.525,15.6,1073,7.2,498,2.4,169,1.4,94,1.6,111,0.492,0.299,0.224,False
2413,Juan Dixon,50,16.3,815.8933333333333,5.2,261,1.3,67,2.4,118,0.7,35,0.1,6,0.395,0.333,0.189,False
201153,Julian Wright,54,14.3,771.55,4.4,237,2.8,152,0.8,43,0.6,35,0.4,19,0.466,0.095,0.178,False
436,Juwan Howard,42,11.2,471.97,4.1,173,1.8,76,0.6,26,0.2,7,0.1,6,0.51,0.0,0.183,False
2416,Kareem Rush,25,8.0,198.84833333333333,2.2,54,0.6,15,0.6,15,0.2,5,0.0,1,0.345,0.303,0.147,False
2586,Keith Bogans,65,19.6,1272.0516666666667,5.6,364,3.1,202,1.0,64,0.7,43,0.1,4,0.367,0.339,0.136,False
101235,Kelenna Azubuike,74,32.1,2374.555,14.4,1063,5.0,370,1.6,117,0.8,57,0.7,50,0.464,0.448,0.183,False
2570,Kendrick Perkins,76,29.6,2253.28,8.5,648,8.1,619,1.3,96,0.3,22,2.0,150,0.577,0.0,0.147,False
1903,Kenny Thomas,8,7.7,61.77166666666667,0.8,6,1.9,15,0.1,1,0.8,6,0.1,1,0.375,0.0,0.065,False
2030,Kenyon Martin,66,32.0,2110.5233333333335,11.7,769,6.0,395,2.0,132,1.5,96,1.1,74,0.491,0.368,0.178,False
201142,Kevin Durant,74,39.0,2884.891666666667,25.3,1871,6.5,482,2.8,205,1.3,96,0.7,53,0.476,0.422,0.277,False
708,Kevin Garnett,57,31.1,1771.4833333333333,15.8,899,8.5,485,2.5,144,1.1,63,1.2,68,0.531,0.25,0.232,False
201567,Kevin Love,81,25.3,2047.7016666666666,11.1,899,9.1,734,1.0,84,0.4,35,0.6,50,0.459,0.105,0.203,False
2755,Kevin Martin,51,38.2,1946.9266666666667,24.6,1254,3.6,183,2.7,138,1.2,61,0.2,8,0.42,0.415,0.266,False
1563,Kevin Ollie,50,17.0,849.975,4.0,202,1.5,75,2.3,117,0.4,19,0.1,4,0.407,0.0,0.122,False
2039,Keyon Dooling,77,26.9,2073.5633333333335,9.7,748,2.0,155,3.5,270,0.9,71,0.1,8,0.436,0.421,0.172,False
2550,Kirk Hinrich,51,26.2,1338.54,9.9,503,2.4,123,3.9,197,1.3,66,0.4,19,0.437,0.408,0.177,False
977,Kobe Bryant,82,36.1,2960.0333333333333,26.8,2201,5.2,429,4.9,399,1.5,120,0.5,37,0.467,0.351,0.317,False
201585,Kosta Koufos,48,11.8,565.1883333333334,4.7,224,2.9,138,0.4,20,0.3,12,0.6,31,0.508,0.0,0.18,False
2743,Kris Humphries,29,9.1,265.13166666666666,3.9,114,2.4,70,0.3,10,0.3,8,0.2,6,0.422,0.0,0.196,False
703,Kurt Thomas,79,17.8,1403.695,4.3,343,5.1,405,0.8,66,0.4,34,0.7,58,0.503,0.0,0.123,False
2198,Kwame Brown,58,17.2,998.6933333333334,4.2,243,5.0,290,0.6,32,0.4,24,0.4,24,0.533,0.0,0.132,False
2594,Kyle Korver,78,24.0,1874.3033333333333,9.0,705,3.3,258,1.8,137,0.6,47,0.4,30,0.438,0.386,0.164,False
200768,Kyle Lowry,77,21.8,1679.2433333333333,7.6,584,2.5,189,3.6,275,0.9,69,0.2,17,0.435,0.255,0.176,False
201602,Kyle Weaver,56,20.8,1165.6983333333333,5.3,299,2.3,130,1.8,101,0.8,47,0.4,25,0.459,0.344,0.126,False
201178,Kyrylo Fesenko,21,7.4,156.005,2.3,49,1.8,37,0.2,4,0.3,7,0.7,15,0.583,0.0,0.148,False
200746,LaMarcus Aldridge,81,37.1,3003.8133333333335,18.1,1470,7.5,605,1.9,157,1.0,77,1.0,77,0.484,0.25,0.234,False
1885,Lamar Odom,78,29.7,2315.8116666666665,11.3,885,8.2,637,2.6,204,1.0,77,1.3,98,0.492,0.32,0.178,False
1716,Larry Hughes,55,26.9,1479.5866666666666,11.6,640,2.9,159,2.2,119,1.3,72,0.3,14,0.402,0.389,0.206,False
2571,Leandro Barbosa,70,24.4,1705.3466666666666,14.2,993,2.6,181,2.3,162,1.2,82,0.1,7,0.482,0.375,0.235,False
200796,Leon Powe,70,17.5,1226.8266666666666,7.7,538,4.9,345,0.7,46,0.3,24,0.5,38,0.524,0.0,0.195,False
101132,Linas Kleiza,82,22.2,1824.0866666666666,9.9,813,4.0,327,0.8,64,0.4,31,0.2,14,0.447,0.326,0.191,False
283,Lindsey Hunter,28,9.5,265.5283333333333,2.6,73,0.4,12,1.3,37,0.7,20,0.0,1,0.329,0.333,0.171,False
2669,Linton Johnson,10,5.5,55.223333333333336,0.9,9,0.8,8,0.2,2,0.1,1,0.0,0,0.364,0.5,0.101,False
953,Lorenzen Wright,17,7.3,124.91,1.4,23,1.5,25,0.2,3,0.2,4,0.3,5,0.37,0.0,0.143,False
200811,Lou Amundson,76,13.7,1043.7316666666666,4.2,321,3.6,270,0.4,28,0.4,32,0.9,65,0.536,0.0,0.141,False
101150,Lou Williams,81,23.7,1919.2816666666668,12.8,1039,2.0,165,3.0,242,1.0,85,0.2,14,0.398,0.286,0.266,False
201601,Luc Mbah a Moute,82,25.8,2113.6916666666666,7.2,594,5.9,487,1.1,87,1.1,87,0.5,45,0.462,0.0,0.141,False
2449,Luis Scola,82,30.3,2487.94,12.7,1044,8.8,720,1.5,123,0.8,68,0.1,11,0.531,0.0,0.192,False
2557,Luke Ridnour,72,28.2,2033.0866666666666,9.6,688,3.0,218,5.1,365,1.3,92,0.2,16,0.403,0.35,0.179,False
2575,Luke Walton,65,17.9,1166.245,5.0,326,2.8,180,2.7,177,0.5,32,0.2,10,0.436,0.298,0.149,False
2736,Luol Deng,49,34.0,1665.2283333333332,14.1,690,6.0,295,1.9,94,1.2,60,0.5,25,0.448,0.4,0.198,False
101129,Luther Head,32,15.5,497.42333333333335,4.7,149,1.6,52,1.8,58,0.5,17,0.1,2,0.382,0.37,0.166,False
1766,Maceo Baston,27,8.0,217.10833333333332,2.5,67,1.9,52,0.3,7,0.2,6,0.4,10,0.543,0.0,0.139,False
2124,Malik Allen,49,11.8,578.625,3.2,156,2.1,103,0.7,35,0.1,7,0.2,12,0.429,0.0,0.155,False
201612,Malik Hairston,15,10.3,155.05,3.3,50,1.9,28,0.9,13,0.4,6,0.5,7,0.49,0.0,0.18,False
990,Malik Rose,38,12.4,469.30333333333334,3.4,130,2.5,96,0.9,36,0.3,10,0.1,3,0.344,0.0,0.181,False
1938,Manu Ginobili,44,26.8,1180.7383333333332,15.5,683,4.5,198,3.6,157,1.5,64,0.4,16,0.454,0.33,0.256,False
201188,Marc Gasol,82,30.7,2520.98,11.9,975,7.4,605,1.7,143,0.8,63,1.1,90,0.53,0.0,0.182,False
101162,Marcin Gortat,63,12.6,794.0683333333334,3.8,239,4.5,286,0.2,14,0.3,18,0.8,53,0.567,1.0,0.129,False
201158,Marco Belinelli,42,21.0,881.875,8.9,372,1.7,71,2.1,88,0.9,36,0.0,1,0.442,0.397,0.187,False
2556,Marcus Banks,22,9.4,205.79666666666665,2.5,56,0.8,18,1.3,28,0.5,11,0.1,2,0.368,0.158,0.169,False
948,Marcus Camby,62,31.1,1925.365,10.3,641,11.1,690,2.0,127,0.8,51,2.1,132,0.512,0.25,0.157,False
200766,Marcus Williams,9,5.9,53.538333333333334,1.3,12,0.4,4,1.4,13,0.1,1,0.1,1,0.235,0.333,0.178,False
201173,Marcus Williams,2,1.7,3.385,2.0,4,0.0,0,0.0,0,0.0,0,0.0,0,1.0,0.0,0.25,False
200776,Mardy Collins,48,18.5,889.7683333333333,5.2,251,2.2,107,2.3,111,0.6,31,0.2,10,0.425,0.419,0.16,False
201596,Mario Chalmers,82,32.0,2625.8433333333332,10.0,818,2.8,228,4.9,403,2.0,160,0.1,8,0.42,0.367,0.16,False
201238,Mario West,53,5.1,268.96166666666664,0.8,43,1.1,56,0.4,19,0.3,18,0.1,4,0.412,1.0,0.096,False
1548,Mark Blount,20,10.4,207.14666666666668,4.0,79,2.1,41,0.2,4,0.1,1,0.4,7,0.385,0.407,0.222,False
2058,Mark Madsen,19,6.1,115.68833333333333,0.3,6,0.9,18,0.2,4,0.1,1,0.1,1,0.214,0.0,0.067,False
2060,Marko Jaric,53,11.4,604.705,2.6,136,1.2,65,1.4,74,0.5,29,0.2,11,0.331,0.393,0.159,False
2605,Marquis Daniels,54,31.5,1700.3733333333332,13.6,733,4.6,248,2.1,114,1.1,62,0.5,26,0.451,0.2,0.209,False
201578,Marreese Speights,79,16.0,1262.4233333333334,7.7,608,3.7,293,0.4,30,0.3,27,0.7,56,0.502,0.25,0.213,False
101110,Martell Webster,1,5.3,5.25,0.0,0,0.0,0,0.0,0,0.0,0,0.0,0,0.0,0.0,0.083,False
101107,Marvin Williams,61,34.3,2093.465,13.9,845,6.3,382,1.3,81,0.9,57,0.6,39,0.458,0.355,0.181,False
2440,Matt Barnes,77,27.0,2082.1566666666668,10.2,788,5.5,421,2.8,212,0.7,52,0.3,26,0.423,0.343,0.179,False
2588,Matt Bonner,81,23.8,1927.7266666666667,8.2,667,4.8,386,1.0,82,0.6,47,0.3,26,0.496,0.44,0.145,False
2679,Matt Carroll,55,11.2,615.5233333333333,3.0,164,1.3,69,0.5,27,0.4,21,0.1,6,0.38,0.245,0.153,False
1723,Matt Harpring,63,11.0,693.47,4.4,277,2.0,123,0.4,28,0.5,29,0.1,9,0.461,0.0,0.196,False
200772,Maurice Ager,20,4.9,97.31666666666666,1.7,34,0.5,10,0.2,3,0.1,1,0.1,2,0.349,0.0,0.229,False
2230,Maurice Evans,80,23.0,1840.17,7.2,574,3.0,243,0.7,54,0.6,50,0.1,10,0.432,0.395,0.138,False
2246,Mehmet Okur,72,33.5,2409.08,17.0,1225,7.7,557,1.7,120,0.8,54,0.7,53,0.485,0.446,0.214,False
2408,Melvin Ely,31,12.0,373.06333333333333,3.1,97,2.1,64,0.6,18,0.1,2,0.3,9,0.389,0.0,0.174,False
1897,Metta World Peace,69,35.5,2451.8216666666667,17.1,1181,5.2,359,3.3,229,1.5,105,0.3,24,0.401,0.399,0.243,False
201563,Michael Beasley,81,24.8,2008.59,13.9,1123,5.4,439,1.0,83,0.5,41,0.5,37,0.472,0.407,0.273,False
714,Michael Finley,81,28.8,2335.8616666666667,9.7,784,3.3,270,1.4,114,0.5,37,0.2,17,0.437,0.411,0.159,False
2072,Michael Redd,33,36.4,1202.7183333333332,21.2,699,3.2,107,2.7,88,1.1,35,0.1,2,0.455,0.366,0.25,False
1913,Michael Ruffin,11,3.2,35.27166666666667,0.5,6,1.0,11,0.0,0,0.3,3,0.1,1,0.286,0.0,0.115,False
2554,Mickael Pietrus,54,24.6,1328.6966666666667,9.4,510,3.3,176,1.2,65,0.6,31,0.4,24,0.413,0.359,0.18,False
1710,Mike Bibby,79,34.7,2739.855,14.9,1176,3.5,278,5.0,392,1.2,98,0.1,11,0.435,0.39,0.201,False
201144,Mike Conley,82,30.6,2508.195,10.9,895,3.4,276,4.3,354,1.1,90,0.1,8,0.442,0.406,0.176,False
2399,Mike Dunleavy,18,27.5,494.8433333333333,15.1,271,3.8,68,2.4,44,0.7,12,0.5,9,0.401,0.356,0.253,False
2229,Mike James,61,27.0,1648.4333333333334,8.7,531,2.2,133,3.3,201,0.7,44,0.1,6,0.383,0.375,0.175,False
2034,Mike Miller,73,32.3,2356.245,9.9,722,6.6,483,4.5,326,0.4,30,0.4,31,0.482,0.378,0.141,False
201446,Mike Taylor,51,15.1,770.485,5.7,289,1.7,87,2.1,106,0.7,36,0.0,0,0.412,0.325,0.22,False
1630,Mikki Moore,70,17.2,1201.635,3.9,276,3.7,258,0.8,53,0.2,17,0.3,19,0.553,0.0,0.107,False
2590,Mo Williams,81,35.0,2834.095,17.8,1443,3.4,279,4.1,329,0.9,69,0.1,9,0.467,0.436,0.229,False
101145,Monta Ellis,25,35.7,891.9083333333333,19.0,474,4.3,108,3.7,93,1.6,39,0.3,8,0.451,0.308,0.252,False
201165,Morris Almond,25,10.2,254.58166666666668,3.7,92,1.4,36,0.3,7,0.2,4,0.2,4,0.407,0.294,0.185,False
2050,Morris Peterson,43,12.0,515.085,4.4,191,2.0,84,0.4,16,0.3,15,0.0,2,0.399,0.388,0.19,False
200754,Mouhamed Sene,6,4.7,28.116666666666667,3.3,20,2.3,14,0.0,0,0.2,1,0.5,3,0.667,0.0,0.215,False
101126,Nate Robinson,74,29.8,2208.57,17.2,1272,3.9,290,4.1,301,1.3,95,0.1,6,0.437,0.325,0.249,False
201605,Nathan Jawai,6,3.1,18.858333333333334,0.3,2,0.3,2,0.0,0,0.0,0,0.0,0,0.25,0.0,0.122,False
1737,Nazr Mohammed,39,8.7,341.12833333333333,2.7,104,2.0,79,0.2,8,0.1,5,0.4,16,0.406,0.0,0.199,False
2420,Nenad Krstic,46,24.8,1141.265,9.7,445,5.5,253,0.6,29,0.5,21,1.1,49,0.469,0.0,0.185,False
2403,Nene,77,32.6,2510.43,14.6,1123,7.8,598,1.4,108,1.2,95,1.3,101,0.604,0.2,0.181,False
2555,Nick Collison,71,25.8,1831.2933333333333,8.2,584,6.9,489,0.9,66,0.7,51,0.7,50,0.568,0.0,0.134,False
201156,Nick Young,82,22.4,1836.605,10.9,892,1.8,150,1.2,95,0.5,39,0.2,20,0.444,0.341,0.227,False
201587,Nicolas Batum,79,18.4,1453.7716666666668,5.4,426,2.8,220,0.9,74,0.6,50,0.5,40,0.446,0.369,0.138,False
201564,O.J. Mayo,82,38.1,3120.3033333333333,18.5,1516,3.8,308,3.2,262,1.1,91,0.2,13,0.438,0.384,0.238,False
200762,Oleksiy Pecherov,32,8.7,277.3016666666667,3.6,116,2.4,76,0.1,2,0.2,6,0.1,3,0.386,0.326,0.187,False
201629,Othello Hunter,16,5.7,91.56,1.4,22,1.5,24,0.1,1,0.1,2,0.3,5,0.55,0.0,0.116,False
200753,Patrick O'Bryant,39,6.5,254.975,2.6,101,1.7,66,0.3,11,0.2,6,0.5,19,0.536,0.0,0.187,False
2200,Pau Gasol,81,37.0,2999.3516666666665,18.9,1528,9.6,780,3.5,284,0.6,52,1.0,81,0.567,0.5,0.203,False
200781,Paul Davis,27,11.8,319.62,4.0,107,2.5,67,0.4,12,0.4,10,0.1,3,0.408,0.0,0.173,False
200794,Paul Millsap,76,30.1,2290.3783333333336,13.5,1028,8.6,654,1.8,138,1.0,78,1.0,73,0.534,0.0,0.197,False
1718,Paul Pierce,81,37.5,3035.451666666667,20.5,1658,5.6,457,3.6,294,1.0,80,0.3,27,0.457,0.391,0.251,False
978,Peja Stojakovic,61,34.2,2088.54,13.3,812,4.3,264,1.2,75,0.9,52,0.0,3,0.399,0.378,0.183,False
200822,Pops Mensah-Bonsu,22,12.8,282.6016666666667,5.0,111,5.1,113,0.3,6,0.4,9,0.2,5,0.379,0.0,0.198,False
2047,Quentin Richardson,72,26.3,1893.8833333333334,10.2,733,4.4,319,1.6,117,0.7,47,0.1,7,0.393,0.365,0.18,False
200763,Quincy Douby,27,11.1,300.615,4.3,115,1.2,32,0.9,25,0.2,5,0.2,5,0.382,0.304,0.189,False
2624,Quinton Ross,68,17.1,1164.1383333333333,3.9,265,1.9,126,0.7,47,0.5,32,0.2,14,0.382,0.375,0.122,False
1747,Rafer Alston,77,31.8,2446.665,11.7,900,2.9,227,5.3,406,1.4,108,0.1,10,0.385,0.338,0.195,False
1952,Raja Bell,67,34.6,2315.38,11.9,799,3.6,243,2.1,142,0.7,50,0.1,8,0.437,0.421,0.162,False
200765,Rajon Rondo,80,33.0,2642.19,11.9,953,5.2,416,8.2,659,1.9,149,0.1,11,0.505,0.313,0.189,False
201196,Ramon Sessions,79,27.5,2172.6483333333335,12.4,977,3.4,269,5.7,452,1.1,83,0.1,7,0.445,0.176,0.218,False
201043,Randolph Morris,23,3.8,88.51166666666667,0.8,18,0.9,20,0.1,2,0.1,2,0.0,1,0.412,0.0,0.124,False
200751,Randy Foye,70,35.6,2494.26,16.3,1139,3.1,214,4.3,303,1.0,72,0.4,26,0.407,0.36,0.224,False
101119,Rashad McCants,58,19.0,1100.3683333333333,9.6,554,1.9,110,1.2,68,0.8,47,0.2,14,0.393,0.333,0.241,False
1740,Rashard Lewis,79,36.2,2858.965,17.7,1401,5.7,453,2.6,205,1.0,81,0.6,51,0.439,0.397,0.214,False
739,Rasheed Wallace,66,32.2,2122.505,12.0,795,7.4,490,1.4,91,0.9,62,1.3,86,0.419,0.354,0.184,False
1725,Rasho Nesterovic,70,17.3,1214.2666666666667,6.8,473,3.4,240,1.6,109,0.4,30,0.5,38,0.513,0.0,0.185,False
2446,Rasual Butler,82,31.9,2613.525,11.2,922,3.3,271,0.9,75,0.6,51,0.7,61,0.433,0.39,0.166,False
951,Ray Allen,79,36.4,2875.73,18.2,1434,3.5,278,2.8,218,0.9,69,0.2,13,0.48,0.409,0.203,False
101109,Raymond Felton,82,37.6,3086.298333333333,14.2,1162,3.8,310,6.7,553,1.5,126,0.4,30,0.408,0.285,0.215,False
2501,Reggie Evans,79,14.4,1137.29,3.3,262,4.6,361,0.3,26,0.5,41,0.1,8,0.444,0.0,0.129,False
200764,Renaldo Balkman,53,14.7,779.7633333333333,5.0,264,3.8,203,0.6,34,0.9,47,0.4,23,0.558,0.286,0.141,False
1888,Richard Hamilton,67,34.0,2278.97,18.3,1225,3.1,207,4.4,297,0.6,40,0.1,4,0.447,0.368,0.264,False
2210,Richard Jefferson,82,35.8,2938.645,19.6,1607,4.6,374,2.4,199,0.8,66,0.2,14,0.439,0.397,0.245,False
1729,Ricky Davis,36,21.8,785.215,6.4,232,1.7,60,2.3,82,0.5,19,0.1,5,0.339,0.315,0.17,False
201633,Rob Kurz,40,11.0,441.91333333333336,3.9,157,2.0,81,0.5,20,0.4,14,0.5,19,0.389,0.395,0.157,False
2741,Robert Swift,26,13.2,342.605,3.3,86,3.4,89,0.3,9,0.2,5,0.7,17,0.521,0.0,0.109,False
201577,Robin Lopez,60,10.2,614.3333333333334,3.2,189,2.0,118,0.1,8,0.2,11,0.7,41,0.518,0.0,0.136,False
200760,Rodney Carney,67,17.9,1198.75,7.2,481,1.9,126,0.4,26,0.7,45,0.4,29,0.416,0.35,0.182,False
201155,Rodney Stuckey,79,31.9,2516.585,13.4,1058,3.5,275,4.9,387,1.0,78,0.1,11,0.439,0.295,0.227,False
2427,Roger Mason Jr.,82,30.4,2496.0783333333334,11.8,969,3.1,251,2.1,173,0.5,40,0.1,12,0.425,0.421,0.183,False
101146,Roko Ukic,72,12.4,889.535,4.2,301,1.0,75,2.1,153,0.4,30,0.0,2,0.38,0.177,0.201,False
200758,Ronnie Brewer,81,32.2,2604.6783333333333,13.7,1111,3.7,300,2.2,179,1.7,138,0.4,30,0.508,0.259,0.184,False
101179,Ronnie Price,52,14.2,737.9083333333333,4.0,207,1.3,69,2.1,108,0.8,39,0.1,5,0.379,0.311,0.173,False
101142,Ronny Turiaf,79,21.5,1695.6833333333334,5.9,470,4.6,360,2.1,166,0.4,34,2.1,168,0.508,0.0,0.125,False
201579,Roy Hibbert,70,14.4,1009.1016666666667,7.1,494,3.5,243,0.7,49,0.3,20,1.1,76,0.471,0.0,0.228,False
2767,Royal Ivey,71,12.1,860.7416666666667,3.0,211,1.1,76,0.6,43,0.5,36,0.1,7,0.332,0.342,0.127,False
201164,Rudy Fernandez,78,25.6,1992.945,10.4,815,2.7,207,2.0,159,0.9,69,0.2,12,0.425,0.399,0.177,False
200752,Rudy Gay,79,37.3,2945.451666666667,18.9,1493,5.5,437,1.7,135,1.2,98,0.7,59,0.453,0.351,0.253,False
201566,Russell Westbrook,82,32.5,2668.035,15.3,1256,4.9,399,5.3,435,1.3,110,0.2,16,0.398,0.271,0.253,False
201583,Ryan Anderson,66,19.9,1312.425,7.4,487,4.7,311,0.8,52,0.7,44,0.3,20,0.393,0.365,0.181,False
1763,Ryan Bowen,21,10.4,218.99833333333333,2.2,47,1.1,24,0.4,9,0.7,14,0.2,5,0.579,0.0,0.096,False
101155,Ryan Gomes,82,31.9,2613.665,13.3,1092,4.8,392,1.6,135,0.8,63,0.3,22,0.431,0.372,0.202,False
200797,Ryan Hollins,45,9.9,444.37166666666667,3.2,143,2.2,97,0.2,7,0.2,7,0.7,32,0.532,0.0,0.154,False
2223,Samuel Dalembert,82,24.8,2036.0983333333334,6.4,523,8.5,701,0.2,18,0.4,33,1.8,146,0.498,0.0,0.136,False
2562,Sasha Pavlovic,66,16.0,1052.9933333333333,4.6,305,1.9,127,1.1,72,0.3,22,0.2,16,0.422,0.41,0.151,False
2756,Sasha Vujacic,80,16.2,1292.475,5.8,461,1.7,135,1.4,113,1.0,77,0.1,7,0.387,0.363,0.153,False
1752,Sean Marks,60,14.0,837.87,3.2,192,3.1,187,0.2,14,0.1,7,0.6,33,0.485,0.2,0.123,False
101118,Sean May,24,12.5,300.93333333333334,3.9,93,2.9,69,0.4,10,0.2,5,0.2,4,0.398,1.0,0.209,False
201606,Sean Singletary,37,8.2,302.9716666666667,2.4,90,0.9,35,0.8,29,0.3,11,0.0,0,0.365,0.4,0.176,False
201157,Sean Williams,33,11.1,366.38666666666666,2.4,80,2.4,79,0.4,13,0.2,7,0.9,29,0.417,0.0,0.133,False
2742,Sebastian Telfair,75,27.9,2094.4983333333334,9.8,738,1.7,127,4.6,343,1.0,73,0.2,12,0.383,0.346,0.193,False
200771,Sergio Rodriguez,80,15.3,1224.99,4.5,356,1.6,130,3.6,286,0.7,54,0.0,2,0.392,0.325,0.18,False
2203,Shane Battier,60,33.9,2031.1966666666667,7.3,436,4.8,285,2.3,137,0.8,48,0.9,54,0.41,0.384,0.098,False
200769,Shannon Brown,48,9.9,477.37166666666667,4.2,202,0.9,44,0.8,38,0.5,22,0.1,7,0.473,0.378,0.204,False
406,Shaquille O'Neal,75,30.0,2252.115,17.8,1333,8.4,633,1.7,126,0.7,49,1.4,108,0.609,0.0,0.243,False
2733,Shaun Livingston,12,19.3,231.31166666666667,5.9,71,2.3,28,1.7,20,0.6,7,0.2,2,0.517,0.0,0.145,False
101183,Shavlik Randolph,10,3.7,37.038333333333334,1.8,18,1.8,18,0.0,0,0.0,0,0.1,1,0.615,1.0,0.221,False
1890,Shawn Marion,69,35.8,2470.5383333333334,12.9,891,8.5,589,2.0,139,1.3,88,1.0,66,0.485,0.189,0.173,False
200761,Shawne Williams,15,11.3,169.65833333333333,2.8,42,3.1,46,0.1,2,0.1,2,0.6,9,0.286,0.059,0.169,False
200749,Shelden Williams,45,11.4,512.625,4.1,186,3.4,153,0.3,12,0.5,22,0.4,18,0.446,0.0,0.182,False
200780,Solomon Jones,63,10.7,675.3083333333333,3.0,188,2.3,142,0.2,15,0.1,7,0.5,34,0.604,0.5,0.112,False
201603,Sonny Weems,12,4.6,55.03333333333333,1.6,19,0.3,4,0.3,3,0.1,1,0.0,0,0.32,0.0,0.255,False
2049,Speedy Claxton,2,7.5,15.083333333333334,2.5,5,0.0,0,1.5,3,0.0,0,0.0,0,0.286,0.0,0.242,False
201150,Spencer Hawes,77,29.3,2258.8966666666665,11.4,876,7.1,549,1.9,149,0.6,44,1.2,93,0.466,0.348,0.201,False
101211,Stephen Graham,52,13.2,684.0933333333334,5.4,282,1.8,96,0.6,33,0.2,10,0.1,4,0.414,0.303,0.205,False
1536,Stephen Jackson,59,39.6,2339.0583333333334,20.7,1223,5.1,303,6.5,381,1.5,88,0.5,31,0.414,0.338,0.253,False
950,Stephon Marbury,23,18.0,414.0133333333333,3.8,88,1.2,28,3.3,75,0.4,10,0.1,3,0.342,0.24,0.169,False
2581,Steve Blake,69,31.7,2188.028333333333,11.0,757,2.5,173,5.0,348,1.0,69,0.1,4,0.428,0.427,0.166,False
959,Steve Nash,74,33.6,2483.983333333333,15.7,1160,3.0,223,9.7,717,0.7,55,0.1,10,0.503,0.439,0.207,False
200779,Steve Novak,71,16.4,1160.9716666666666,6.9,492,1.8,125,0.6,40,0.3,20,0.1,5,0.444,0.416,0.162,False
201631,Steven Hill,1,2.4,2.433333333333333,2.0,2,3.0,3,0.0,0,0.0,0,0.0,0,1.0,0.0,0.1,False
2031,Stromile Swift,19,9.7,184.41833333333332,3.3,62,2.4,46,0.2,3,0.2,4,0.4,8,0.429,1.0,0.189,False
201180,Sun Sun,10,2.8,28.148333333333333,0.6,6,0.0,0,0.2,2,0.1,1,0.1,1,0.273,0.0,0.175,False
2551,T.J. Ford,74,30.5,2257.931666666667,14.9,1106,3.5,259,5.3,392,1.2,89,0.2,16,0.452,0.337,0.231,False
200814,Tarence Kinsey,50,5.5,276.78333333333336,2.0,102,0.8,38,0.2,10,0.2,12,0.0,0,0.449,0.389,0.17,False
2419,Tayshaun Prince,82,37.3,3057.3483333333334,14.2,1163,5.8,476,3.1,253,0.5,44,0.6,51,0.45,0.397,0.189,False
200757,Thabo Sefolosha,66,22.0,1453.1416666666667,5.9,389,3.7,242,1.7,111,1.1,75,0.7,45,0.426,0.276,0.136,False
201152,Thaddeus Young,75,34.4,2579.735,15.3,1145,5.0,377,1.1,86,1.3,100,0.3,23,0.495,0.341,0.202,False
689,Theo Ratliff,46,12.6,578.47,1.9,89,2.8,128,0.2,9,0.4,17,1.0,47,0.531,0.0,0.074,False
201242,Thomas Gardner,16,6.1,97.72333333333333,1.5,24,0.4,7,0.1,2,0.3,4,0.1,1,0.25,0.174,0.188,False
1495,Tim Duncan,75,33.7,2524.0183333333334,19.3,1450,10.7,800,3.5,264,0.5,38,1.7,126,0.504,0.0,0.285,False
1501,Tim Thomas,64,19.5,1246.54,8.5,545,3.1,201,1.1,68,0.5,31,0.2,11,0.432,0.413,0.196,False
2754,Tony Allen,46,19.3,887.3016666666666,7.8,359,2.3,104,1.4,66,1.2,54,0.5,23,0.482,0.222,0.203,False
1499,Tony Battie,77,15.6,1202.4133333333334,4.8,372,3.6,278,0.4,31,0.3,26,0.3,25,0.489,0.222,0.154,False
2225,Tony Parker,72,34.1,2455.705,22.0,1581,3.1,223,6.9,496,0.9,67,0.1,4,0.506,0.292,0.313,False
1503,Tracy McGrady,35,33.8,1181.4283333333333,15.6,545,4.4,154,5.0,175,1.2,42,0.4,15,0.388,0.376,0.242,False
101143,Travis Diener,55,13.1,719.1316666666667,3.7,206,1.6,86,2.2,122,0.5,26,0.1,5,0.413,0.39,0.124,False
2566,Travis Outlaw,81,27.7,2246.025,12.8,1034,4.1,331,1.0,83,0.6,47,0.7,57,0.453,0.377,0.214,False
2239,Trenton Hassell,53,20.6,1094.23,3.7,194,2.8,146,1.0,51,0.4,21,0.3,16,0.45,0.25,0.097,False
2772,Trevor Ariza,82,24.4,1998.8866666666668,8.9,729,4.3,352,1.8,145,1.7,137,0.3,24,0.46,0.319,0.163,False
201234,Trey Johnson,4,3.5,14.133333333333333,1.0,4,0.3,1,0.0,0,0.0,0,0.0,0,0.0,0.0,0.25,False
2211,Troy Murphy,73,34.0,2482.385,14.3,1041,11.8,861,2.4,172,0.8,58,0.5,34,0.475,0.45,0.167,False
1731,Tyronn Lue,44,11.8,520.9566666666667,4.2,183,1.0,46,1.4,60,0.2,8,0.0,0,0.438,0.435,0.165,False
200748,Tyrus Thomas,79,27.5,2174.795,10.8,857,6.4,508,1.0,77,1.2,91,1.9,151,0.451,0.333,0.193,False
2199,Tyson Chandler,45,32.1,1444.7333333333333,8.8,397,8.7,393,0.5,22,0.3,15,1.2,56,0.565,0.0,0.136,False
2617,Udonis Haslem,75,34.1,2560.36,10.6,794,8.2,618,1.1,85,0.6,43,0.3,25,0.518,0.0,0.143,False
1713,Vince Carter,80,36.8,2946.193333333333,20.8,1662,5.1,410,4.7,376,1.0,82,0.5,38,0.437,0.385,0.264,False
2209,Vladimir Radmanovic,78,18.5,1445.13,6.9,540,2.8,222,1.0,81,0.6,46,0.2,15,0.421,0.401,0.18,False
101144,Von Wafer,63,19.4,1224.7516666666668,9.7,610,1.8,113,1.1,71,0.6,40,0.1,8,0.447,0.39,0.227,False
1887,Wally Szczerbiak,74,20.6,1526.76,7.0,517,3.1,232,1.1,82,0.4,28,0.1,10,0.45,0.411,0.151,False
200835,Walter Herrmann,59,10.7,630.2233333333334,3.8,224,1.8,107,0.4,22,0.1,7,0.1,4,0.396,0.342,0.163,False
201594,Walter Sharpe,8,2.4,19.53,1.0,8,0.4,3,0.0,0,0.0,0,0.3,2,0.364,0.0,0.255,False
101198,Will Bynum,57,14.1,802.6566666666666,7.2,410,1.3,75,2.8,157,0.6,34,0.0,2,0.456,0.158,0.271,False
2226,Will Solomon,53,13.4,711.9016666666666,5.0,263,1.2,64,2.5,133,0.5,27,0.1,4,0.429,0.326,0.202,False
2584,Willie Green,81,22.6,1827.6416666666667,8.5,685,1.6,126,2.0,158,0.7,53,0.2,13,0.435,0.317,0.187,False
201163,Wilson Chandler,82,33.4,2734.7883333333334,14.4,1184,5.4,445,2.1,170,0.9,71,0.9,75,0.432,0.328,0.201,False
200821,Yakhouba Diawara,63,13.5,850.49,3.4,213,1.3,82,0.4,27,0.2,13,0.1,6,0.35,0.313,0.132,False
2397,Yao Ming,77,33.6,2588.9066666666668,19.7,1514,9.9,761,1.8,137,0.4,30,1.9,150,0.548,1.0,0.258,False
201146,Yi Jianlian,61,23.3,1421.2133333333334,8.6,525,5.3,326,1.0,60,0.5,29,0.6,36,0.382,0.343,0.205,False
2216,Zach Randolph,50,35.1,1756.3983333333333,20.8,1041,10.1,504,2.1,103,0.9,43,0.3,16,0.475,0.33,0.277,False
2585,Zaza Pachulia,77,19.1,1472.9,6.2,481,5.7,436,0.7,57,0.5,35,0.3,26,0.497,0.0,0.16,False
980,Zydrunas Ilgauskas,65,27.2,1765.3916666666667,12.9,838,7.5,490,1.0,64,0.4,28,1.3,84,0.472,0.385,0.236,False
